Date,Activity,"Route number",Name,"Elapsed seconds","Elapsed Hours:Mins:Secs","Distance (km)",Pace,Weight,Steps,Notes
2018-09-21,,562270,"no lights local loop",1028,0:17:8,3.6056064858572,4.7518589176434,159,,"69F, cloudy. 4:30PM"
2018-09-18,,242812,"Greenlake out-and-back 5k",1383,0:23:3,4.9014985554721,4.7026434342751,,,"62F, sunny, 4:30pm"
2018-09-16,,143118,"Reservoir 5k",1536,0:25:36,4.9843153977438,5.1361115734346,,,"56F, drizzle, consolidation (https://www.nytimes.com/2018/09/14/sports/eliud-kipchoge-marathon.html)"
2018-09-14,,143114,"Reservoir Basic",946,0:15:46,3.4016060403392,4.6350654601655,,,"65F. ptly cldy, 4:20pm"
2018-09-11,,562270,"no lights local loop",1007,0:16:47,3.6056064858572,4.6547878697149,,,"72F, 4:00pm, low mo but good push. 6:44 to turn."
2018-09-09,,143114,"Reservoir Basic",971,0:16:11,3.4016060403392,4.7575566192607,,,64F
2018-09-06,,242812,"Greenlake out-and-back 5k",1399,0:23:19,4.9014985554721,4.7570485643896,,,"84F, hazy, took it easy?"
2018-09-03,,234220,"Upper Reservoir Park",1298,0:21:38,4.6174493393636,4.6851262988225,,,"57F, Sunny"
2018-09-01,,562270,"no lights local loop",1053,0:17:33,3.6056064858572,4.8674196889869,,,"59F, cloudy, consolidation"
2018-08-30,,143116,"Greenlake 3k",1055,0:17:35,3.9005992411698,4.5078543695916,158,,"72F, ptly cldy, strong push."
2018-08-23,,143114,"Reservoir Basic",936,0:15:36,3.4016060403392,4.5860689965274,,,"75F. smoke clearing a bit.  4:30PM"
2018-08-20,,143116,"Greenlake 3k",1128,0:18:48,3.9005992411698,4.8197722548809,155,,"56F. took it easy consolidation"
2018-08-18,,562270,"no lights local loop",1017,0:16:57,3.6056064858572,4.7010121782523,,,"PR! 60F. Sunny. Consolidation ++"
2018-08-16,,242812,"Greenlake out-and-back 5k",1385,0:23:5,4.9014985554721,4.7094440755394,,,"59F, smokey"
2018-08-14,,653902,"45th to 65th loop",877,0:14:37,3.0821995365373,4.7422843632921,159,,"58F, smokey, good effort."
2018-08-09,,143116,"Greenlake 3k",1097,0:18:17,3.9005992411698,4.6873139748266,,,"63F.OK push. sunrise"
2018-08-07,,562270,"no lights local loop",1028,0:17:8,3.6056064858572,4.7518589176434,155,,"58F, Sunny"
2018-08-04,,143116,"Greenlake 3k",1074,0:17:54,3.9005992411698,4.5890384767217,,,"58F, cloudy"
2018-08-02,,,,,,,,,,"Bike to GIX (550 bus back)"
2018-07-31,,143114,"Reservoir Basic",969,0:16:9,3.4016060403392,4.7477573265331,,,"61F, cloudy"
2018-07-29,,,,981,0:16:21,3.3699985241672,4.8516341721665,,,"Oberlin bike trail loop. 75F"
2018-07-27,,,,1141,0:19:1,,,,,"Oberlin,70F
"
2018-07-24,,653902,"45th to 65th loop",892,0:14:52,3.0821995365373,4.8233952703039,156,,"60F, gave back a rest for a few days."
2018-07-19,,143114,"Reservoir Basic",984,0:16:24,3.4016060403392,4.8212520219903,156,,"58F, cloudy, tired from 1st GIX bike commute!"
2018-07-17,,653902,"45th to 65th loop",958,0:15:58,3.0821995365373,5.180283261156,155,,"65F, sunny. took it slow, back pain."
2018-07-14,,143116,"Greenlake 3k",1112,0:18:32,3.9005992411698,4.7514066909819,154,,"61F, Consolidation, twitchy back."
2018-07-11,,143114,"Reservoir Basic",934,0:15:34,3.4016060403392,4.5762697037997,157,,"PR!, 61F, Sunny, 6:50 to sign."
2018-07-09,,143114,"Reservoir Basic",979,0:16:19,3.4016060403392,4.7967537901712,158,,"60F, sunny"
2018-07-07,,143116,"Greenlake 3k",1077,0:17:57,3.9005992411698,4.6018570199528,161,,"70F, cloudy.Back from trip"
2018-07-05,,,,1184,0:19:44,,,,,Copenhagen
2018-07-03,,,,1244,0:20:44,,,,,"Siracusa, Ortiga"
2018-07-01,,,,1054,0:17:34,,,,,"Ragusa
"
2018-06-29,,,,1139,0:18:59,,,,,"Fiume Tevere
"
2018-06-28,,,,1205,0:20:5,,,,,"San Vito Lo Capo
"
2018-06-26,,,,965,0:16:5,,,,,"San Vito Lo Capo, Sicily"
2018-06-22,,,,1104,0:18:24,,,,,"Fiume Tevere Banks (Rome)"
2018-06-19,,358344,"Rihely Pl / Encinitas",1015,0:16:55,3.4117931878631,4.9582919406853,,,
2018-06-17,,358344,"Rihely Pl / Encinitas",972,0:16:12,3.4117770944231,4.748258620553,,,
2018-06-14,,143114,"Reservoir Basic",975,0:16:15,3.4016060403392,4.777155204716,,,"52F, cloudy wet. low caf?"
2018-06-12,,562270,"no lights local loop",1036,0:17:16,3.6056064858572,4.7888383644733,157,,"55F.  Sunny, 7:00 to turn."
2018-06-10,,242812,"Greenlake out-and-back 5k",1387,0:23:7,4.9014985554721,4.7162447168037,,,"55F, sunny, consolidation"
2018-06-08,,143116,"Greenlake 3k",1050,0:17:30,3.9005992411698,4.4864901308732,,,"PR!. 58F,cludy.  3:33 to 65th; 3 lights."
2018-06-06,,143114,"Reservoir Basic",956,0:15:56,3.4016060403392,4.6840619238036,,,"60F, sunny"
2018-06-04,,653902,"45th to 65th loop",880,0:14:40,3.0821995365373,4.7585065446944,,,"51F, cloudy, low mo."
2018-06-02,,562270,"no lights local loop",1034,0:17:14,3.6056064858572,4.7795935027659,157,,"63F, sunny. Good effort. 7:01 to turn. "
2018-05-31,,143116,"Greenlake 3k",1092,0:18:12,3.9005992411698,4.6659497361081,,,"52F. cloudy. fast start 3:42 to 65th."
2018-05-29,,143114,"Reservoir Basic",970,0:16:10,3.4016060403392,4.7526569728969,157,,"53F, cloudy. Fast start, 7:06 to sign. "
2018-05-27,,242812,"Greenlake out-and-back 5k",1413,0:23:33,4.9014985554721,4.8046530532399,157,,"jet lagged from Brisbane. 60F sunny."
2018-05-25,,,,1057,0:17:37,,,,,"Brisbane River loop"
2018-05-23,,,,1090,0:18:10,,,,,"Brisbane River loop
"
2018-05-18,,,,1999,0:33:19,,,,,"Brisbane river/ w.Andy Lewis"
2018-05-16,,,,1081,0:18:1,,,,,"Brisbane riverfront."
2018-05-12,,143116,"Greenlake 3k",1116,0:18:36,3.9005992411698,4.7684980819567,156,,"60F, sunny, consolidation"
2018-05-10,,143114,"Reservoir Basic",964,0:16:4,3.4016060403392,4.7232590947141,155,,"53F cloudy, 7:02 to sign"
2018-05-08,,653902,"45th to 65th loop",900,0:15:0,3.0821995365373,4.8666544207102,155,,"57F, sunny, partying, slight stiffness."
2018-05-06,,242812,"Greenlake out-and-back 5k",1379,0:22:59,4.9014985554721,4.6890421517465,155,,"64F, partly sunny. strong start. 3 lights."
2018-05-04,,562270,"no lights local loop",1048,0:17:28,3.6056064858572,4.8443075347182,,,"53F, low mo. low Caff?, big bkfst"
2018-05-02,,143114,"Reservoir Basic",978,0:16:18,3.4016060403392,4.7918541438074,154,,"47F, sunny
"
2018-04-30,,143116,"Greenlake 3k",1103,0:18:23,3.9005992411698,4.7129510612887,155,,"48F, cloudy.  low mo."
2018-04-28,,653902,"45th to 65th loop",906,0:15:6,3.0821995365373,4.899098783515,155,,"48F, rainy"
2018-04-26,,143114,"Reservoir Basic",970,0:16:10,3.4016060403392,4.7526569728969,156,,"60F, sunny, good vd02"
2018-04-24,,143116,"Greenlake 3k",1122,0:18:42,3.9005992411698,4.7941351684188,,,"Back from final (Right eye) surg.  Nice weather."
2018-04-08,,143114,"Reservoir Basic",1005,0:16:45,3.4016060403392,4.9241445956303,,,"46F, wet. felt strong"
2018-04-06,,653902,"45th to 65th loop",879,0:14:39,3.0821995365373,4.7530991508936,155,,"51F, normal"
2018-04-04,,143116,"Greenlake 3k",1123,0:18:43,3.9005992411698,4.7984080161625,155,,"41F, BACK after TWO WEEKS for left eye surg."
2018-03-19,,562270,"no lights local loop",1069,0:17:49,3.6056064858572,4.9413785826467,154,,"40F, nice. so-so"
2018-03-17,,502559,StPatricksDayDash,1463,0:24:23,4.9285999084425,4.9473144069913,155,,"37F, cloudy, dry.  Too strong start?   Bladder at end!!"
2018-03-15,,143117,"Greenlake 5k",1410,0:23:30,5.0092924166333,4.6912813318641,,,"32F, Sunny."
2018-03-12,,143117,"Greenlake 5k",1420,0:23:40,5.0092441363133,4.7245983670672,,,"43F, sunny, very strong start. Too strong? 3:47 to 65th"
2018-03-10,,234220,"Upper Reservoir Park",1313,0:21:53,4.6174976196837,4.7392191909419,,,"42F, sunny, low caf? big bkfst"
2018-03-08,,242812,"Greenlake out-and-back 5k",1456,0:24:16,4.9014985554721,4.9508668404227,153,,"42F, wet. Consolidation"
2018-03-06,,143118,"Reservoir 5k",1427,0:23:47,4.9842993043038,4.771650312572,153,,"PR! 50F, sunny"
2018-03-03,,143118,"Reservoir 5k",1429,0:23:49,4.9843153977438,4.7783225510664,153,,"PR!  45F, beautiful, sunny. A bit hung over!"
2018-02-28,,143117,"Greenlake 5k",1433,0:23:53,5.0092763231933,4.7678210967823,152,,"40F cloudy.  good push"
2018-02-26,,143114,"Reservoir Basic",968,0:16:8,3.4016060403392,4.7428576801693,150,,"37F. some black ice. Sunny"
2018-02-24,,143116,"Greenlake 3k",1097,0:18:17,3.9005992411698,4.6873139748266,150,,"35F, wet.  5-day break: sickness & snow."
2018-02-18,,653902,"45th to 65th loop",878,0:14:38,3.0821995365373,4.7476917570929,,,"37F. cloudy. just gettin it done. "
2018-02-16,,143114,"Reservoir Basic",971,0:16:11,3.4016060403392,4.7575566192607,155,,"42F. Cloudy.  Big eggs bkfst."
2018-02-14,,562270,"no lights local loop",1054,0:17:34,3.6056064858572,4.8720421198406,156,,"38F. damp. good caff."
2018-02-11,,143116,"Greenlake 3k",1238,0:20:38,3.9005992411698,5.2897855066867,,,"consolidation, took it slow.  35F dry."
2018-02-09,,562270,"no lights local loop",1043,0:17:23,3.6056064858572,4.8211953804495,,,"42F, cloudy"
2018-02-07,,143116,"Greenlake 3k",1090,0:18:10,3.9005992411698,4.6574040406208,153,,48F
2018-02-05,,143114,"Reservoir Basic",957,0:15:57,3.4016060403392,4.6889615701674,154,,"46F, cloudy"
2018-02-03,,242812,"Greenlake out-and-back 5k",1400,0:23:20,4.9014985554721,4.7604488850218,,,"50F. cloudy. big bkfst."
2018-02-01,,653902,"45th to 65th loop",871,0:14:31,3.0821995365373,4.7098400004873,156,,"44F, cloudy"
2018-01-30,,562270,"no lights local loop",1050,0:17:30,3.6056064858572,4.8535523964257,,,"43F, cloudy, solid"
2018-01-28,,143114,"Reservoir Basic",945,0:15:45,3.4016060403392,4.6301658138017,,,"48F. good push. PR!"
2018-01-25,,143116,"Greenlake 3k",1081,0:18:1,3.9005992411698,4.6189484109276,153,,"42F, cloudy, decent push."
2018-01-23,,653902,"45th to 65th loop",947,0:15:47,3.0821995365373,5.1208019293473,153,,"41F, took it easy, felt smooth."
2018-01-20,,234220,"Upper Reservoir Park",1287,0:21:27,4.6174976196837,4.6453732663688,155,,"42F, routine"
2018-01-18,,143114,"Reservoir Basic",963,0:16:3,3.4016060403392,4.7183594483503,155,,"43F, strong.  Almost hit by car @63rd!"
2018-01-16,,653902,"45th to 65th loop",877,0:14:37,3.0821995365373,4.7422843632921,154,,48F.
2018-01-14,,242812,"Greenlake out-and-back 5k",1410,0:23:30,4.9014985554721,4.7944520913434,,,"40F, sunny"
2018-01-12,,143114,"Reservoir Basic",949,0:15:49,3.4016060403392,4.6497643992569,,,"52F, strong, 6:54 to sign."
2018-01-09,,653902,"45th to 65th loop",875,0:14:35,3.0821995365373,4.7314695756905,155,,45F
2018-01-07,,143116,"Greenlake 3k",1084,0:18:4,3.9005992411698,4.6317669541586,155,,"45F, good vd02"
2018-01-05,,562270,"no lights local loop",1039,0:17:19,3.6056064858572,4.8027056570345,155,,"45F, strong"
2018-01-03,,143114,"Reservoir Basic",1000,0:16:40,3.4016060403392,4.8996463638113,153,,"31F, sunny. low sleep."
2018-01-01,,143116,"Greenlake 3k",1115,0:18:35,3.9005992411698,4.764225234213,,,"40F, clear, lo-mo, late rise!"
2017-12-29,,653902,"45th to 65th loop",885,0:14:45,3.0821995365373,4.7855435136984,,,"44F, rain"
2017-12-27,,242812,"Greenlake out-and-back 5k",1401,0:23:21,4.9014663685921,4.7638804888315,155,,"38F, snow almost gone. "
2017-12-24,,653902,"45th to 65th loop",898,0:14:58,3.0821995365373,4.8558396331086,,,"33F dry"
2017-12-22,,143116,"Greenlake 3k",1088,0:18:8,3.9005992411698,4.6488583451334,153,,42F
2017-12-20,,562270,"no lights local loop",1036,0:17:16,3.6056064858572,4.7888383644733,154,,"44F, strong start. 7:00 to turn."
2017-12-17,,143114,"Reservoir Basic",958,0:15:58,3.4016060403392,4.6938612165312,,,"44F. "
2017-12-15,,143114,"Reservoir Basic",,,3.4016060403392,,153,,"43F, good start, missed watch button - no time. "
2017-12-12,,653902,"45th to 65th loop",868,0:14:28,3.0821995365373,4.693617819085,153,,"50F. low caf."
2017-12-10,,234220,"Upper Reservoir Park",1324,0:22:4,4.6174976196837,4.7789232359536,153,,"35F, sunny."
2017-12-07,,562270,"no lights local loop",1059,0:17:39,3.6056064858572,4.8951542741093,,,"35F, Sunny, careful lots of black ice!"
2017-12-05,,653902,"45th to 65th loop",879,0:14:39,3.0821995365373,4.7530991508936,155,,"33F, Sunny"
2017-12-03,,143117,"Greenlake 5k",1432,0:23:52,5.0092924166333,4.7644786292407,155,,"40F, cloudy. Pacer."
2017-12-01,,143116,"Greenlake 3k",1072,0:17:52,3.9005992411698,4.5804927812344,153,,"48F, dry, strong start 3:45 to 65th."
2017-11-29,,143114,"Reservoir Basic",957,0:15:57,3.4016060403392,4.6889615701674,154,,"44F, cloudy."
2017-11-27,,562270,"no lights local loop",1057,0:17:37,3.6056064858572,4.8859094124018,,,"44F, dry. "
2017-11-25,,242812,"Greenlake out-and-back 5k",1385,0:23:5,4.9014985554721,4.7094440755394,153,,"50F, Dry
"
2017-11-23,,143116,"Greenlake 3k",1081,0:18:1,3.9005992411698,4.6189484109276,152,,"50F, rain."
2017-11-18,,234220,"Upper Reservoir Park",1290,0:21:30,4.6174976196837,4.6562016422811,151,,"meh./good pause at top."
2017-11-16,,143114,"Reservoir Basic",1036,0:17:16,3.4016060403392,5.0760336329085,151,,"took easy. 3 sprints."
2017-11-14,,143114,"Reservoir Basic",949,0:15:49,3.4016060403392,4.6497643992569,,,"solid, strong start. more caf?"
2017-11-12,,653902,"45th to 65th loop",934,0:15:34,3.0821995365373,5.050505809937,153,,"run/map slightly off. "
2017-11-10,,143116,"Greenlake 3k",1082,0:18:2,3.9005992411698,4.6232212586712,151,,"42F, strong start. 3:40 to 65th. good pacer at start.
"
2017-11-06,,562270,"no lights local loop",1055,0:17:35,3.6056064858572,4.8766645506944,,,"40F, partly cloudy. good VdO2
"
2017-11-04,,274992,"Pettis Loop2 (Mtn View)",966,0:16:6,3.5089492851802,4.5882680801336,,,"Nostalgia!  60F, misty"
2017-10-31,,143114,"Reservoir Basic",949,0:15:49,3.4016060403392,4.6497643992569,,,"40F, clear, strong, 9:01 to top."
2017-10-28,,143116,"Greenlake 3k",1080,0:18:0,3.9005992411698,4.6146755631839,,,"48F, foggy, timing estimated"
2017-10-24,,562270,"no lights local loop",1030,0:17:10,3.6056064858572,4.7611037793509,,,"50F, sunny, strong"
2017-10-22,,566398,"Dawg Dash Oct16",1447,0:24:7,5.0000065017498,4.8233270613202,152,,"Sunny 56F.   Won division!! 1/45
"
2017-10-20,,653902,"45th to 65th loop",,,3.0821995365373,,,,"untimed. fun-run pre-race"
2017-10-18,,143117,"Greenlake 5k",1405,0:23:25,5.0092924166333,4.6746455824603,150,,"Strong. PR!. 52F. Training Dawg Dash"
2017-10-16,,143114,"Reservoir Basic",993,0:16:33,3.4016060403392,4.8653488392646,150,,"45F, consolidation, slow start."
2017-10-14,,143116,"Greenlake 3k",1094,0:18:14,3.9005992411698,4.6744954315955,150,,"40F consolidation"
2017-10-12,,143114,"Reservoir Basic",954,0:15:54,3.4016060403392,4.674262631076,151,,"50F, cloudy."
2017-10-10,,242812,"Greenlake out-and-back 5k",1434,0:23:54,4.9014985554721,4.8760597865152,151,,"48F, consolidation, took easy"
2017-10-08,,143118,"Reservoir 5k",1455,0:24:15,4.9842993043038,4.8652776487682,153,,"50F, partly cldy, strong start."
2017-10-06,,143114,"Reservoir Basic",952,0:15:52,3.4016060403392,4.6644633383483,,,"46F, Sunny, Strong, watch issue?"
2017-10-04,,143116,"Greenlake 3k",1085,0:18:5,3.9005992411698,4.6360398019023,,,"50F, sunny"
2017-10-02,,,,1126,0:18:46,,,155,,"Walla Walla"
2017-09-30,,,,1116,0:18:36,,,,,"Walla Walla"
2017-09-28,,143116,"Greenlake 3k",1084,0:18:4,3.9005992411698,4.6317669541586,152,,"Strong, sunny. 54F"
2017-09-25,,,,900,0:15:0,2.8968192011064,5.1780932666667,,,"Fairmont Vancouver Treadmill"
2017-09-22,,234220,"Upper Reservoir Park",1325,0:22:5,4.6174976196837,4.782532694591,,,"Meh. 54F, 152"
2017-09-20,,562270,"no lights local loop",1047,0:17:27,3.6056064858572,4.8396851038645,151,,"felt strong. 50F. cloudy"
2017-09-16,,434659,"Cowen Park Ravine",1093,0:18:13,3.9000037838896,4.6709356390671,156,,"big bkfst. smokey. 64F (modif route)"
2017-09-14,,143116,"Greenlake 3k",1091,0:18:11,3.9005992411698,4.6616768883644,152,,"Strong. Sunny. 56F"
2017-09-12,,143116,"Greenlake 3k",1141,0:19:1,3.9005992411698,4.8753192755489,152,,"Consolidation. 65F sunny"
2017-09-10,,644636,"Spirit of Belleview 2017",1492,0:24:52,5.1499973626071,4.8284814371397,,,"65F. fast start. (Official time)"
2017-09-07,,562270,"no lights local loop",1049,0:17:29,3.6056064858572,4.8489299655719,153,,"consolidation, strong finish, 63F"
2017-09-05,,143114,"Reservoir Basic",1002,0:16:42,3.4016060403392,4.9094456565389,154,,"Consolidation. 67F. Smokey"
2017-09-02,,242812,"Greenlake out-and-back 5k",1387,0:23:7,4.9014985554721,4.7162447168037,,,"Strong start. 70F sunny."
2017-08-31,,,,1067,0:17:47,3.6999945114932,4.8063134358965,,,"Went off no-lights route. Rain 65F"
2017-08-29,,143114,"Reservoir Basic",960,0:16:0,3.4016060403392,4.7036605092588,152,,"Strong.  65F"
2017-08-27,,143117,"Greenlake 5k",1429,0:23:49,5.0092763231933,4.7545124545024,153,,"solid.  62F (flat shoes)"
2017-08-25,,242812,"Greenlake out-and-back 5k",1417,0:23:37,4.9014663685921,4.8182859762129,,,"slow start. 55F"
2017-08-23,,143118,"Reservoir 5k",1437,0:23:57,4.9842993043038,4.8050886469278,,,"OK - medium effort."
2017-08-20,,234220,"Upper Reservoir Park",1285,0:21:25,4.6174976196837,4.6381543490939,,,"OK effort. lots of stops. 7:05 to sign. New Timex!  PR"
2017-08-18,,143116,"Greenlake 3k",1080,0:18:0,3.9005992411698,4.6146755631839,,,"Felt good. "
2017-08-16,,143114,"Reservoir Basic",,,3.4016060403392,,157,,"Watch died at end.  Great splits."
2017-08-14,,143114,"Reservoir Basic",997,0:16:37,3.4016060403392,4.8849474247198,,,"start lo mo.  60F"
2017-08-12,,562270,"no lights local loop",1054,0:17:34,3.6056064858572,4.8720421198406,156,,"59F, cloudy. strong start."
2017-08-10,,143116,"Greenlake 3k",1091,0:18:11,3.9005992411698,4.6616768883644,,,"Smokey, 3:55 to 65th."
2017-08-07,,,,1472,0:24:32,,,,,"Castle Road / Brule"
2017-08-05,,,,1140,0:19:0,,,,,"Winnebojou Club
"
2017-08-03,,,,1389,0:23:9,,,,,"Winnebojou Club"
2017-08-01,,562270,"no lights local loop",1059,0:17:39,3.6056064858572,4.8951542741093,,,Sunny.
2017-07-29,,340040,"Greenlake out & around",1794,0:29:54,6.212775953733,4.8126634893432,155,,"Solid. Sunny 65F. PR!"
2017-07-27,,562270,"no lights local loop",1069,0:17:49,3.6056064858572,4.9413785826467,,,"decent. misty. "
2017-07-25,,143116,"Greenlake 3k",1104,0:18:24,3.9005992411698,4.7172239090324,,,"took easy. lower back. "
2017-07-23,,143114,"Reservoir Basic",1030,0:17:10,3.4016060403392,5.0466357547256,155,,"took it slow. sore lower back."
2017-07-20,,143116,"Greenlake 3k",1084,0:18:4,3.9005992411698,4.6317669541586,,,"Anger on start. strong start. 63F"
2017-07-17,,,,1100,0:18:20,,,,,"Tofino BC"
2017-07-15,,,,1590,0:26:30,,,,,"Ucluelet BC"
2017-07-12,,,,1010,0:16:50,,,,,"Pasadena/ Colorado Ave. Sluggish - pre-coffee/bkfst"
2017-07-09,,242812,"Greenlake out-and-back 5k",1418,0:23:38,4.9014985554721,4.8216546564007,155,,"big bkfst. 65F. Sunny"
2017-07-07,,562270,"no lights local loop",1097,0:18:17,3.6056064858572,5.0708066465514,,,"slow start, stiff from major lab cleanout! 60F"
2017-07-04,,340040,"Greenlake out & around",1891,0:31:31,6.212775953733,5.0728799656343,156,,"low Vd02, longer time. 65F sunny"
2017-07-02,bike,,,5760,1:36:0,31.543142412048,3.0434507363265,,,"Redmond to Home."
2017-07-01,,143114,"Reservoir Basic",970,0:16:10,3.4016060403392,4.7526569728969,,,"Avg. 60F. Sunny. 1:00pm"
2017-06-29,,562270,"no lights local loop",1060,0:17:40,3.6056064858572,4.8997767049631,157,,"consolidation / ""victory lap"" / 60F"
2017-06-27,,143116,"Greenlake 3k",1066,0:17:46,3.9005992411698,4.5548556947722,160,,"strong start. 65F  PR - ever!"
2017-06-24,,234220,"Upper Reservoir Park",1349,0:22:29,4.6174493393636,4.8692106141075,,,"meh start. 72F, sunny"
2017-06-22,,143116,"Greenlake 3k",1093,0:18:13,3.9005992411698,4.6702225838518,157,,"good start. 3:55 to65th.  55F sunny."
2017-06-19,,,,1048,0:17:28,,,,,"Random Trail run/ Encinitas"
2017-06-17,,358344,"Rihely Pl / Encinitas",1084,0:18:4,3.4117770944231,5.2953830706579,,,Hot!
2017-06-15,,143117,"Greenlake 5k",1489,0:24:49,5.0092763231933,4.9541420887013,157,,"Consolidation. 56F"
2017-06-13,,143116,"Greenlake 3k",1116,0:18:36,3.9005992411698,4.7684980819567,,,"meh.  51F"
2017-06-11,,562270,"no lights local loop",1073,0:17:53,3.6056064858572,4.9598683060617,,,"OK, 66F, 2:00pm"
2017-06-09,,143116,"Greenlake 3k",1133,0:18:53,3.9005992411698,4.8411364935994,,,"Consolidation. Strong."
2017-06-06,,143114,"Reservoir Basic",963,0:16:3,3.4016060403392,4.7183594483503,,,"strong start. 58F. 3:07 to 65th."
2017-06-03,,562270,"no lights local loop",1061,0:17:41,3.6056064858572,4.9043991358168,,,"Decent.  58F"
2017-06-01,,143116,"Greenlake 3k",1095,0:18:15,3.9005992411698,4.6787682793392,156,,"Strong start. 3:51 to 65th. 55F"
2017-05-30,,143114,"Reservoir Basic",1033,0:17:13,3.4016060403392,5.061334693817,,,"weak start. tight legs and core. 55F"
2017-05-28,,242812,"Greenlake out-and-back 5k",1439,0:23:59,4.9014985554721,4.893061389676,,,"Consolidation.  70F"
2017-05-26,,562270,"no lights local loop",1033,0:17:13,3.6056064858572,4.7749710719121,157,,"strong start. strong Vd02, 60F"
2017-05-24,,143114,"Reservoir Basic",986,0:16:26,3.4016060403392,4.8310513147179,,,"slow start. decent push. 7:03 to sign. 52F"
2017-05-21,,242812,"Greenlake out-and-back 5k",1522,0:25:22,4.9014663685921,5.1753219871532,,,"consolidation. still headcold. 60F"
2017-05-16,,143114,"Reservoir Basic",987,0:16:27,3.4016060403392,4.8359509610817,,,"Meh start.  Strong finish. 43F"
2017-05-14,,562270,"no lights local loop",1088,0:18:8,3.6056064858572,5.0292047688677,,,"Relaxed, Strong, 50F"
2017-05-12,,143118,"Reservoir 5k",1480,0:24:40,4.9843153977438,4.9488575056531,,,"Strong. 50F"
2017-05-10,,143116,"Greenlake 3k",1099,0:18:19,3.9005992411698,4.695859670314,,,"after break.  53F"
2017-05-01,,,,1200,0:20:0,,,155,,"National Mall, 73F"
2017-04-29,,,,1200,0:20:0,,,,,"Treadmill, DC"
2017-04-27,,,,1086,0:18:6,,,,,"National Mall!  78F"
2017-04-25,,,,1109,0:18:29,,,,,"Golden Co, 6000 ft.
"
2017-04-23,,143114,"Reservoir Basic",995,0:16:35,3.4016060403392,4.8751481319922,157,,"low mo.  felt strong. 50F cloudy"
2017-04-21,,143116,"Greenlake 3k",1113,0:18:33,3.9005992411698,4.7556795387256,155,,"Consolidation.  3 sprints at lake.  50F Sunny."
2017-04-19,,143114,"Reservoir Basic",995,0:16:35,3.4016060403392,4.8751481319922,,,"lo mo. 48F"
2017-04-17,,562270,"no lights local loop",1093,0:18:13,3.6056064858572,5.0523169231364,160,,"back from B-day trip"
2017-04-11,,143116,"Greenlake 3k",1133,0:18:53,3.9005992411698,4.8411364935994,,,"big bkfst. 45F sunny."
2017-04-09,,143116,"Greenlake 3k",1134,0:18:54,3.9005992411698,4.8454093413431,158,,"46F, avg."
2017-04-07,,562270,"no lights local loop",1076,0:17:56,3.6056064858572,4.9737355986229,,,"48F, average day"
2017-04-04,,143114,"Reservoir Basic",977,0:16:17,3.4016060403392,4.7869544974436,157,,"46F, lo mo"
2017-04-02,,143117,"Greenlake 5k",1460,0:24:20,5.0092924166333,4.8576388259018,,,"48F, sunny, just do it."
2017-03-31,,143114,"Reservoir Basic",964,0:16:4,3.4016060403392,4.7232590947141,,,"felt slow start. 3:06 to 65th. 7:00 to sign. 43F
"
2017-03-29,,562270,"no lights local loop",1085,0:18:5,3.6056064858572,5.0153374763065,157,,"consolidation. miserable. 47F rainy."
2017-03-27,,143114,"Reservoir Basic",998,0:16:38,3.4016060403392,4.8898470710836,,,"3:05 to 65th, 48F, consolidation"
2017-03-25,,143116,"Greenlake 3k",1145,0:19:5,3.9005992411698,4.8924106665236,158,,"Consolidation. 50F Sunny, noon run."
2017-03-23,,143114,"Reservoir Basic",944,0:15:44,3.4016060403392,4.6252661674378,,,"strong start.   PR!!!"
2017-03-21,,562270,"no lights local loop",1077,0:17:57,3.6056064858572,4.9783580294766,160,,"48F, slow start, good push later. "
2017-03-19,,143116,"Greenlake 3k",1100,0:18:20,3.9005992411698,4.7001325180576,,,"extra caf. 35F sunny. a bit hung over!"
2017-03-17,,562270,"no lights local loop",1055,0:17:35,3.6056064858572,4.8766645506944,160,,"heavy bkfst. 40F, clear. PR"
2017-03-15,,143114,"Reservoir Basic",983,0:16:23,3.4016060403392,4.8163523756265,,,"Meh, 49F, WET"
2017-03-10,,143114,"Reservoir Basic",1020,0:17:0,3.4016060403392,4.9976392910875,,,"consolidation 50F"
2017-03-08,,143114,"Reservoir Basic",960,0:16:0,3.4016060403392,4.7036605092588,,,"strong start, 2:56 to 65th, good vd02"
2017-03-06,,562270,"no lights local loop",1079,0:17:59,3.6056064858572,4.9876028911841,160,,"good start. good push. 35F"
2017-03-04,,242812,"Greenlake out-and-back 5k",1430,0:23:50,4.9014985554721,4.8624585039866,,,"Good Mo. 38F, sunny. 3:44 to 65th"
2017-03-02,,143114,"Reservoir Basic",993,0:16:33,3.4016060403392,4.8653488392646,,,"Decent 45F"
2017-02-26,,562270,"no lights local loop",1074,0:17:54,3.6056064858572,4.9644907369154,,,"lo mo. 37F. good push later."
2017-02-24,,143116,"Greenlake 3k",1118,0:18:38,3.9005992411698,4.777043777444,,,35F
2017-02-22,,562270,"no lights local loop",1091,0:18:11,3.6056064858572,5.043072061429,161,,"avg motiv. 37F
"
2017-02-20,,143114,"Reservoir Basic",1060,0:17:40,3.4016060403392,5.1936251456399,,,"Consolidation. 45F"
2017-02-18,,242812,"Greenlake out-and-back 5k",1417,0:23:37,4.9014985554721,4.8182543357685,,,"strong start. 3:48 to 65th.   45F"
2017-02-14,,143116,"Greenlake 3k",1125,0:18:45,3.9005992411698,4.8069537116499,165,,"average. 37F sunny."
2017-02-10,,562270,"no lights local loop",1079,0:17:59,3.6056064858572,4.9876028911841,,,"lo mo. late push."
2017-02-08,,143114,"Reservoir Basic",968,0:16:8,3.4016060403392,4.7428576801693,,,"strong start. good push. 35F"
2017-02-04,,234220,"Upper Reservoir Park",1392,0:23:12,4.6174976196837,5.0243664232986,,,"lo mo.  44F wet."
2017-02-02,,562270,"no lights local loop",1094,0:18:14,3.6056064858572,5.0569393539902,163,,"Strong.  27F. Sunny"
2017-01-31,,,,1113,0:18:33,3.311997766385,5.6008491878444,,,"Moloaa beach to turn."
2017-01-29,,,,2003,0:33:23,6.1569960906717,5.4220163277205,,,"Moloaa beach to hwy 56 rt."
2017-01-26,,562270,"no lights local loop",1104,0:18:24,3.6056064858572,5.1031636625276,,,"Decent effort. 42F
"
2017-01-24,,143116,"Greenlake 3k",1117,0:18:37,3.9005992411698,4.7727709297004,,,"good start. 3:55 to 65th"
2017-01-21,,143114,"Reservoir Basic",1014,0:16:54,3.4016060403392,4.9682414129046,,,"Long break."
2017-01-16,,143116,"Greenlake 3k",1160,0:19:20,3.9005992411698,4.956503382679,,,"good start. cold 31F, lo mo."
2017-01-14,,562270,"no lights local loop",1106,0:18:26,3.6056064858572,5.112408524235,163,,"33F, sunny.   Week off for headcold."
2017-01-08,,143116,"Greenlake 3k",1175,0:19:35,3.9005992411698,5.0205960988343,,,"39F, head cold day 3"
2017-01-04,,143116,"Greenlake 3k",1108,0:18:28,3.9005992411698,4.7343153000072,,,"strong start. 3:55 to 65th. 27F sunny"
2017-01-02,,143114,"Reservoir Basic",1015,0:16:55,3.4016060403392,4.9731410592684,,,"9:30AM, legs heavy. 33F"
2016-12-31,,562270,"no lights local loop",1110,0:18:30,3.6056064858572,5.13089824765,,,"Slow start. 35F"
2016-12-29,,143114,"Reservoir Basic",992,0:16:32,3.4016060403392,4.8604491929008,,,"Ski Trip!;  lo mo.
"
2016-12-25,,143116,"Greenlake 3k",1106,0:18:26,3.9005992411698,4.7257696045198,,,"good start.   Santa Hat!"
2016-12-23,,143114,"Reservoir Basic",981,0:16:21,3.4016060403392,4.8065530828989,,,"37F wet.  gloppy snowflakes stuck to clothes!"
2016-12-21,,562270,"no lights local loop",1094,0:18:14,3.6056064858572,5.0569393539902,,,"38f but nice."
2016-12-19,,143116,"Greenlake 3k",1141,0:19:1,3.9005992411698,4.8753192755489,,,"windy 38F no rain."
2016-12-17,,562270,"no lights local loop",1076,0:17:56,3.6056225792972,4.9737133987077,,,"Brrr.  28F"
2016-12-14,,143114,"Reservoir Basic",984,0:16:24,3.4016060403392,4.8212520219903,,,"Brrrr. 30F. 3:11 to 65th"
2016-12-11,,562270,"no lights local loop",1075,0:17:55,3.6056064858572,4.9691131677691,,,"Decent start. (snow break)"
2016-12-06,,143114,"Reservoir Basic",1015,0:16:55,3.4016060403392,4.9731410592684,,,"frosty slippery. 37F"
2016-12-04,,143118,"Reservoir 5k",1510,0:25:10,4.9843153977438,5.0491721848218,168,,"avg. sunny"
2016-12-01,,562270,"no lights local loop",1087,0:18:7,3.6056064858572,5.024582338014,,,"lo mo. good start."
2016-11-29,,143116,"Greenlake 3k",1156,0:19:16,3.9005992411698,4.9394119917042,,,"consolidation, lo mo, but strong."
2016-11-27,,143114,"Reservoir Basic",979,0:16:19,3.4016060403392,4.7967537901712,,,"Good push."
2016-11-25,,143116,"Greenlake 3k",1166,0:19:26,3.9005992411698,4.9821404691411,167,,"Carrying around Thanksgiving dinner!
"
2016-11-23,,562270,"no lights local loop",1086,0:18:6,3.6056225792972,5.0199375009262,164,,
2016-11-21,,242812,"Greenlake out-and-back 5k",1433,0:23:53,4.9014663685921,4.8726914635943,,,"strong start. 3:55 to 65th"
2016-11-18,,562270,"no lights local loop",1088,0:18:8,3.6056064858572,5.0292047688677,,,Consolidation
2016-11-16,,143116,"Greenlake 3k",1190,0:19:50,3.9005992411698,5.0846888149896,,,"Consolidation run. One sprint.
"
2016-11-14,,143114,"Reservoir Basic",984,0:16:24,3.4016060403392,4.8212520219903,,,"Strong. good vdO2"
2016-11-12,,562270,"no lights local loop",1072,0:17:52,3.6056064858572,4.9552458752079,,,"wet but not raining"
2016-11-10,,143116,"Greenlake 3k",1097,0:18:17,3.9005992411698,4.6873139748266,,,"strong start. 4 lights."
2016-11-08,,562270,"no lights local loop",1062,0:17:42,3.6056064858572,4.9090215666705,164,,"Strong. Sunny"
2016-11-06,,143116,"Greenlake 3k",1125,0:18:45,3.9005992411698,4.8069537116499,,,"strong, sunny"
2016-11-03,,562270,"no lights local loop",1075,0:17:55,3.6056064858572,4.9691131677691,,,"CUBS WIN!!
"
2016-11-01,,143114,"Reservoir Basic",1029,0:17:9,3.4016060403392,5.0417361083618,,,"Back still weak but better. Rainy."
2016-10-30,,143116,"Greenlake 3k",,,3.9005992411698,,,,"Slow. back still weak. "
2016-10-27,,562270,"no lights local loop",1201,0:20:1,3.6056064858572,5.5515394553402,,,"twitched back on start. Slow start. took easy."
2016-10-25,,143116,"Greenlake 3k",1161,0:19:21,3.9005992411698,4.9607762304227,,,Consolidation
2016-10-23,,566398,"Dawg Dash Oct16",1457,0:24:17,5.0000065017498,4.8566603513086,,,"The main event! tough! (official time)  #2 in 61-70, #4 in 51-60(!)"
2016-10-21,,143116,"Greenlake 3k",1156,0:19:16,3.9005992411698,4.9394119917042,162,,"consolidation. Enjoyed it.
"
2016-10-19,,143114,"Reservoir Basic",1012,0:16:52,3.4016060403392,4.958442120177,,,"Consolidation, 4 sprints."
2016-10-17,,143116,"Greenlake 3k",1171,0:19:31,3.9005992411698,5.0035047078595,,,"Consolidation. w/ Sprints."
2016-10-15,,566398,"Dawg Dash Oct16",1519,0:25:19,5.0000065017498,5.0633267492366,,,"Initial Run! "
2016-10-12,,562270,"no lights local loop",1106,0:18:26,3.6056064858572,5.112408524235,,,"sunny, cold."
2016-10-10,,562270,"no lights local loop",1133,0:18:53,3.6056225792972,5.237190781353,,,"new route. consolidation. "
2016-10-08,,143117,"Greenlake 5k",1436,0:23:56,5.0092924166333,4.7777872287637,,,"very strong start. 3:37 to 65th. "
2016-10-06,,143114,"Reservoir Basic",961,0:16:1,3.4016060403392,4.7085601556226,,,"strong start. 8:45 to top. strong vd02"
2016-10-04,,143114,"Reservoir Basic",1052,0:17:32,3.4016060403392,5.1544279747295,,,"took it easy. "
2016-10-02,,560790,,1491,0:24:51,5.1600074822909,4.8158844895642,166,,"Oops wrong turn! on GL 5k.  "
2016-09-30,,234220,"Upper Reservoir Park",1375,0:22:55,4.6174976196837,4.9630056264624,,,"Consolidation. no rest at top!"
2016-09-28,,143114,"Reservoir Basic",977,0:16:17,3.4016060403392,4.7869544974436,,,"Decent start. good push."
2016-09-26,,143116,"Greenlake 3k",1166,0:19:26,3.9005992411698,4.9821404691411,,,"Consolidation. Lo Mo. Sunny cool."
2016-09-24,,242812,"Greenlake out-and-back 5k",1424,0:23:44,4.9014663685921,4.8420883769423,,,"Strong start. solid effort. tied PR!"
2016-09-20,,143116,"Greenlake 3k",1210,0:20:10,3.9005992411698,5.1701457698634,,,"Consolidation, brisk sunny"
2016-09-16,,457413,"MTV Corrected 5k",,,4.9845407059039,,,,"Old times sake!  No watch."
2016-09-14,,143114,"Reservoir Basic",973,0:16:13,3.4016060403392,4.7673559119884,,,"strong, decent start."
2016-09-13,,143116,"Greenlake 3k",1219,0:20:19,3.9005992411698,5.2086013995566,,,"Consolidation. Took it easy. 
"
2016-09-11,,143114,"Reservoir Basic",1023,0:17:3,3.4016060403392,5.0123382301789,,,"Consolidation. took partially easy. 4:30PM"
2016-09-09,,143116,"Greenlake 3k",1104,0:18:24,3.9005992411698,4.7172239090324,,,"strong start. sunny cool. only 2 lights!"
2016-09-07,,143114,"Reservoir Basic",1006,0:16:46,3.4016060403392,4.9290442419941,167,,"Decent. 
"
2016-09-01,,143116,"Greenlake 3k",1109,0:18:29,3.9005992411698,4.7385881477508,,,"strong start. 3:51 to 65th.  Strong."
2016-08-29,,234220,"Upper Reservoir Park",1362,0:22:42,4.6174493393636,4.9161340670233,,,"Good start. good push at top. started ham stretch.
"
2016-08-27,,143114,"Reservoir Basic",1010,0:16:50,3.4016060403392,4.9486428274494,,,"slow start. r leg sore.
"
2016-08-27,,143114,"Reservoir Basic",1010,0:16:50,3.4016060403392,4.9486428274494,,,OK
2016-08-25,,434659,"Cowen Park Ravine",1210,0:20:10,4.0982266844453,4.9208275235747,,,"slow start. full tummy? "
2016-08-23,,143116,"Greenlake 3k",1139,0:18:59,3.9005992411698,4.8667735800615,169,,"4:10 to 65th.  R leg felt stiff. warm."
2016-08-19,,143114,"Reservoir Basic",1055,0:17:35,3.4016060403392,5.1691269138209,,,"took it easy. Hot."
2016-08-16,,143116,"Greenlake 3k",1120,0:18:40,3.9005992411698,4.7855894729314,167,,"good pacer. sunny"
2016-08-14,,143114,"Reservoir Basic",1010,0:16:50,3.4016060403392,4.9486428274494,,,"inspired by olymp 10k!  Sunny warm."
2016-08-12,,143116,"Greenlake 3k",1194,0:19:54,3.9005992411698,5.1017802059644,,,"Took it easy. Nice weather. "
2016-08-10,,143116,"Greenlake 3k",,,3.9005992411698,,,,"Strong start. Missed timer start. "
2016-08-08,,143114,"Reservoir Basic",1041,0:17:21,3.4016060403392,5.1005318647275,,,"slow start. took it easy."
2016-08-06,,143118,"Reservoir 5k",1496,0:24:56,4.9843153977438,5.0023586678764,,,"Strong start. cool."
2016-08-04,,143116,"Greenlake 3k",1146,0:19:6,3.9005992411698,4.8966835142673,,,"OK, nice weather"
2016-08-02,,143114,"Reservoir Basic",1035,0:17:15,3.4016060403392,5.0711339865447,,,"a bit groggy."
2016-07-31,,143116,"Greenlake 3k",1141,0:19:1,3.9005992411698,4.8753192755489,,,"Took it easy multiple stops - back from Swedish (TIA eval!)"
2016-07-26,,434659,"Cowen Park Ravine",1179,0:19:39,4.0982266844453,4.7947567357806,,,
2016-07-24,,143116,"Greenlake 3k",1142,0:19:2,3.9005992411698,4.8795921232926,,,"good start, sunny"
2016-07-22,,143114,"Reservoir Basic",1022,0:17:2,3.4016060403392,5.0074385838151,168,,"Strong - long rest (Scotland Trip)
"
2016-07-10,,,,1126,0:18:46,,,,,"Edinburgh!
"
2016-07-03,,242812,"Greenlake out-and-back 5k",1435,0:23:55,4.9014985554721,4.8794601071474,,,"hi caf. good start. almost pr."
2016-07-01,,143114,"Reservoir Basic",1006,0:16:46,3.4016060403392,4.9290442419941,,,"basic effort. 
"
2016-06-29,,143116,"Greenlake 3k",1173,0:19:33,3.9005992411698,5.0120504033469,168,,"took it easy."
2016-06-27,,143114,"Reservoir Basic",1015,0:16:55,3.4016060403392,4.9731410592684,,,"lo mo. 3:20 to 65th"
2016-06-25,,143116,"Greenlake 3k",1131,0:18:51,3.9005992411698,4.832590798112,,,"low caf. good push."
2016-06-22,,143114,"Reservoir Basic",1004,0:16:44,3.4016060403392,4.9192449492665,167,,"Strong. 3:15 to 65th"
2016-06-20,,358344,"Rihely Pl / Encinitas",1138,0:18:58,3.4117931878631,5.5591489935959,,,
2016-06-18,,358344,"Rihely Pl / Encinitas",1120,0:18:40,3.4117770944231,5.4712445010488,,,
2016-06-15,,143116,"Greenlake 3k",1101,0:18:21,3.9005992411698,4.7044053658013,,,"two extra pauses. Intervals!"
2016-06-13,,143114,"Reservoir Basic",1039,0:17:19,3.4016060403392,5.0907325719999,,,"Took it easy. lo mo."
2016-06-11,,143114,"Reservoir Basic",978,0:16:18,3.4016060403392,4.7918541438074,,,"Solid.  Good Vd02. good push."
2016-06-11,,143116,"Greenlake 3k",1159,0:19:19,3.9005992411698,4.9522305349353,164,,"Solid. (4 yrs!!)
"
2016-06-07,,,,1080,0:18:0,,,,,"Fisherman's wharf/fort mason SF"
2016-06-03,,143116,"Greenlake 3k",1120,0:18:40,3.9005992411698,4.7855894729314,,,"good push, slowish start, good vd02. nice weather"
2016-06-01,,143114,"Reservoir Basic",1037,0:17:17,3.4016060403392,5.0809332792723,,,"Took it easy. slowed down. "
2016-05-30,,143116,"Greenlake 3k",1142,0:19:2,3.9005992411698,4.8795921232926,,,"sore legs. focus drift. nice weather."
2016-05-28,,340040,"Greenlake out & around",1889,0:31:29,6.212808140613,5.0674884240393,165,,"Consolidation - just get through it!"
2016-05-21,,143114,"Reservoir Basic",1029,0:17:9,3.4016060403392,5.0417361083618,166,,"good caf. rainy."
2016-05-15,,,,1140,0:19:0,,,,,"Central Park, NYC!
"
2016-05-11,,143116,"Greenlake 3k",1126,0:18:46,3.9005992411698,4.8112265593935,164,,"Decent. nice weather."
2016-05-08,,143116,"Greenlake 3k",1134,0:18:54,3.9005992411698,4.8454093413431,,,"Good Vd02, sore legs.
"
2016-05-06,,518719,"Around McGill, Montreal",922,0:15:22,2.8157726372355,5.4573535034255,,,"First time. New route."
2016-05-01,,143116,"Greenlake 3k",1129,0:18:49,3.9005992411698,4.8240451026246,,,"Sunny. good Caff. Time APPROX."
2016-04-29,,516669,"Sandman Loop Squamish",1065,0:17:45,3.4177799475454,5.1934297328731,,,"First time.  good caff."
2016-04-27,,143114,"Reservoir Basic",983,0:16:23,3.4016060403392,4.8163523756265,,,"low sleep. extra (12oz) caff. "
2016-04-25,,143116,"Greenlake 3k",1221,0:20:21,3.9005992411698,5.217147095044,165,,"Took it slow. "
2016-04-23,,143118,"Reservoir 5k",1483,0:24:43,4.9843153977438,4.95888897357,,,"good (12oz) caff. "
2016-04-20,,234220,"Upper Reservoir Park",1384,0:23:4,4.6174976196837,4.9954907541992,164,,"hot day. r leg sore. rest at top."
2016-04-18,,143116,"Greenlake 3k",1171,0:19:31,3.9005992411698,5.0035047078595,,,"good start. eased on hill."
2016-04-16,,143116,"Greenlake 3k",1078,0:17:58,3.9005992411698,4.6061298676965,,,"good push. extra rest stops. "
2016-04-14,,143114,"Reservoir Basic",1203,0:20:3,3.4016060403392,5.894274575665,,,"Consolidation. tried to go slow."
2016-04-12,,234220,"Upper Reservoir Park",1404,0:23:24,4.6174976196837,5.0676799269478,,,"took easy."
2016-04-10,,340040,"Greenlake out & around",1915,0:31:55,6.212775953733,5.1372634236857,,,"Solid start. Lost focus in back end. nice weather"
2016-04-08,,143114,"Reservoir Basic",1049,0:17:29,3.4016060403392,5.139729035638,,,"took it easy. stiff r leg."
2016-04-06,,143116,"Greenlake 3k",1158,0:19:18,3.9005992411698,4.9479576871916,,,"Consolidation. good start. r leg stiff."
2016-04-04,,143116,"Greenlake 3k",,,3.9005992411698,,,,"fast start, good effort. messed up timer."
2016-04-02,,143114,"Reservoir Basic",1020,0:17:0,3.4016060403392,4.9976392910875,,,"good caf. took easy. Stiff R. hamstring
"
2016-03-29,,143116,"Greenlake 3k",1145,0:19:5,3.9005992411698,4.8924106665236,,,"low sleep. recovery from Chief"
2016-03-25,,,,1185,0:19:45,,,,,"Nanaimo BC, vacation"
2016-03-21,,143114,"Reservoir Basic",1022,0:17:2,3.4016060403392,5.0074385838151,,,"lo-mo. wet."
2016-03-18,,143116,"Greenlake 3k",1117,0:18:37,3.9005992411698,4.7727709297004,,,"Strong. good start. nice weather"
2016-03-15,,143116,"Greenlake 3k",1222,0:20:22,3.9005992411698,5.2214199427877,,,"Consolidation, celebrate!
"
2016-03-13,,502559,StPatricksDayDash,1500,0:25:0,5.0000065017498,4.9999934982587,,,"crowds new route. strong.  Official time 25:00 pace 8:04/mi"
2016-03-11,,143114,"Reservoir Basic",1040,0:17:20,3.4016060403392,5.0956322183637,,,"Consolidation. stiff legs. 
Took easy.
"
2016-03-08,,143116,"Greenlake 3k",1117,0:18:37,3.9005992411698,4.7727709297004,,,"strong start. felt strong."
2016-03-06,,234220,"Upper Reservoir Park",1440,0:24:0,4.6174976196837,5.1976204378951,,,"slow start. wet."
2016-03-04,,143116,"Greenlake 3k",1101,0:18:21,3.9005992411698,4.7044053658013,,,"Strong, good V.O2"
2016-03-02,,242812,"Greenlake out-and-back 5k",1441,0:24:1,4.9014663685921,4.899894207285,,,"Good effort. "
2016-02-29,,143116,"Greenlake 3k",,,3.9005992411698,,,,"consolidation. left watch behind."
2016-02-27,,143114,"Reservoir Basic",1043,0:17:23,3.4016060403392,5.1103311574552,,,"Blah, stiff legs."
2016-02-25,,143116,"Greenlake 3k",1178,0:19:38,3.9005992411698,5.0334146420654,,,"Slow start. sunny"
2016-02-23,,143114,"Reservoir Basic",982,0:16:22,3.4016060403392,4.8114527292627,,,"10oz caff.  strong. sunny."
2016-02-20,,143116,"Greenlake 3k",1119,0:18:39,3.9005992411698,4.7813166251877,,,"12oz caff. felt strong.strong start."
2016-02-16,,143114,"Reservoir Basic",1048,0:17:28,3.4016060403392,5.1348293892742,,,"took it easy. very wet."
2016-02-12,,143114,"Reservoir Basic",1033,0:17:13,3.4016060403392,5.061334693817,,,"Slow start. no excuses.
"
2016-02-10,,143116,"Greenlake 3k",1143,0:19:3,3.9005992411698,4.8838649710363,,,"Slow start. low sleep. new ASICS shoes."
2016-02-08,,143114,"Reservoir Basic",,,3.4016060403392,,,,"heavy legs. forgot watch."
2016-02-06,,234220,"Upper Reservoir Park",1389,0:23:9,4.6174493393636,5.013590469233,,,Blah
2016-02-04,,143114,"Reservoir Basic",1007,0:16:47,3.4016060403392,4.933943888358,,,"Blah, Slow start."
2016-02-02,,143116,"Greenlake 3k",1155,0:19:15,3.9005992411698,4.9351391439605,,,"Meh, good finish
"
2016-01-31,,143117,"Greenlake 5k",1495,0:24:55,5.0092763231933,4.9741050521211,,,"Consolidation. felt good. pacer at start."
2016-01-29,,143116,"Greenlake 3k",1153,0:19:13,3.9005992411698,4.9265934484731,,,"Strong start, anxious about falling!"
2016-01-25,,,,1087,0:18:7,,,,,"Shenzhen Waterfront"
2016-01-22,,143114,"Reservoir Basic",993,0:16:33,3.4016060403392,4.8653488392646,,,"sluggish but good effort."
2016-01-16,,,,1084,0:18:4,,,,,"Laguna Woods
"
2016-01-15,,143116,"Greenlake 3k",1161,0:19:21,3.9005992411698,4.9607762304227,,,"Consolidation. melow tunes."
2016-01-12,,143114,"Reservoir Basic",1018,0:16:58,3.4016060403392,4.9878399983599,,,"Consolidation, scared of tripping!"
2016-01-07,,143116,"Greenlake 3k",,,3.9005992411698,,,,"Fell.  good caf, bad sleep."
2016-01-05,,143114,"Reservoir Basic",1065,0:17:45,3.4016060403392,5.218123377459,,,"Consolidation. cold. low sleep."
2016-01-03,,143116,"Greenlake 3k",1143,0:19:3,3.9005992411698,4.8838649710363,,,"Consolidation, mid-day, cold"
2016-01-01,,143114,"Reservoir Basic",978,0:16:18,3.4016221337793,4.7918314730303,,,"Noon. Felt strong."
2015-12-30,,143116,"Greenlake 3k",1136,0:18:56,3.9006475214899,4.8538949569331,,,"long break, strong start."
2015-12-12,,143116,"Greenlake 3k",1144,0:19:4,3.9006475214899,4.8880773157848,,,"hi caf, strong start, cold rainy"
2015-12-10,,481904,"Short MTV 3k",873,0:14:33,3.0382161650005,4.7889943341138,163,,"right leg stiff at start."
2015-12-08,,481904,"Short MTV 3k",881,0:14:41,3.0382161650005,4.8328797346555,,,"start stiff legs, good push"
2015-12-06,,143114,"Reservoir Basic",1033,0:17:13,3.4016221337793,5.0613107480985,,,"Consolidation, good caf"
2015-12-05,,143116,"Greenlake 3k",1109,0:18:29,3.9006475214899,4.7385294958088,,,"Strong start, good caf."
2015-12-02,,389200,"Los Altos2",983,0:16:23,3.3594895078432,4.876732996214,165,,"Stiff start. low sleep."
2015-11-28,,143114,"Reservoir Basic",995,0:16:35,3.4016221337793,4.8751250671423,,,"1:00pm sunny cold, strong glide."
2015-11-26,,143116,"Greenlake 3k",1116,0:18:36,3.9006475214899,4.768439059804,,,"Decent, crisp clear weather. late morning.
"
2015-11-24,,143116,"Greenlake 3k",1189,0:19:49,3.9006475214899,5.0803530843253,,,"Blah, rainy, low push."
2015-11-21,,143116,"Greenlake 3k",1131,0:18:51,3.9006475214899,4.8325309826509,,,"good pacer. good push."
2015-11-18,,274992,"Pettis Loop2 (Mtn View)",1009,0:16:49,3.5089492851802,4.7925077565784,164,,"good caf. good cadence"
2015-11-15,,143114,"Reservoir Basic",1022,0:17:2,3.4016221337793,5.0074148930849,,,"felt stiff start; JDI"
2015-11-12,,457413,"MTV Corrected 5k",,,4.9845407059039,,162,,"Did another to find keys! Fail!"
2015-11-12,,457413,"MTV Corrected 5k",,,4.9845407059039,,,,"Consolidation: Fell!
"
2015-11-10,,274992,"Pettis Loop2 (Mtn View)",1033,0:17:13,3.5089492851802,4.9065019945942,,,"OK, Good 12min split (past 3rd dway)"
2015-11-07,,143116,"Greenlake 3k",1130,0:18:50,3.9006475214899,4.8282581877944,,,"Mid day. Rain. Strong Start."
2015-11-06,Bike,475834,"Pettis to GLS",1020,0:17:0,6.2648865124729,2.7135367841308,,,"Bike Commute
"
2015-11-05,,389200,"Los Altos2",974,0:16:14,3.3594895078432,4.8320833553534,,,"good sleep, good caff, good tunes"
2015-11-03,,457413,"MTV Corrected 5k",1443,0:24:3,4.9845407059039,4.8249179651626,163,,"stiff start, decent effort"
2015-11-01,,143114,"Reservoir Basic",1003,0:16:43,3.4016221337793,4.9143220526068,,,"decent, strong downhill"
2015-10-29,,274992,"Pettis Loop2 (Mtn View)",1029,0:17:9,3.5089492851802,4.8875029549249,,,"strong start, strong finish"
2015-10-27,,274992,"Pettis Loop2 (Mtn View)",1036,0:17:16,3.5089492851802,4.9207512743461,165,,"back from long break. decent effort, slow start."
2015-10-08,,389200,"Los Altos2",1089,0:18:9,3.3594895078432,5.4026065441272,,,"Took it EASY, extended run."
2015-10-06,,389200,"Los Altos2",999,0:16:39,3.3594895078432,4.9561101355216,,,"Decent effort"
2015-10-04,,,,1084,0:18:4,,,,,"New Orleans Levee"
2015-10-01,,457413,"MTV Corrected 5k",1444,0:24:4,4.9845407059039,4.8282616366562,168,,"Consolidation, strong"
2015-09-29,,274992,"Pettis Loop2 (Mtn View)",1043,0:17:23,3.5089492851802,4.9539995937674,165,,"consolidation, strong"
2015-09-27,,143116,"Greenlake 3k",1124,0:18:44,3.9006475214899,4.8026214186557,,,"Decent effort."
2015-09-23,,457413,"MTV Corrected 5k",1409,0:23:29,4.9845407059039,4.7112331343827,,,Strong
2015-09-20,,143114,"Reservoir Basic",1072,0:17:52,3.4016221337793,5.2523960522377,,,"Consolidation, lo caf?"
2015-09-18,,274992,"Pettis Loop2 (Mtn View)",1021,0:17:1,3.5089492851802,4.8495048755863,,,"Consolidation, felt strong, lo sleep"
2015-09-15,,389200,"Los Altos2",986,0:16:26,3.3594895078432,4.8916162098341,,,"Consolidation. Strong bursts."
2015-09-12,,143114,"Reservoir Basic",965,0:16:5,3.4016221337793,4.7281363716506,168,,"strong start, good effort, V.O2max"
2015-09-10,,274992,"Pettis Loop2 (Mtn View)",1018,0:16:58,3.5089492851802,4.8352555958343,,,"strong start"
2015-09-06,Run,,,1534,0:25:34,5.1311036640398,4.9826837149763,,,"GL 5k + wrong turn."
2015-09-04,,274992,"Pettis Loop2 (Mtn View)",1026,0:17:6,3.5089492851802,4.8732536751729,170,,"strong start. 12min 3rd dwy."
2015-09-02,,389200,"Los Altos2",1018,0:16:58,3.3594895078432,5.0503704884494,,,"bleh! slow start"
2015-08-30,,340040,"Greenlake out & around",1924,0:32:4,6.212775953733,5.161407220455,,,"Consolidation run
"
2015-08-28,,372822,"New MTV 5kA",1498,0:24:58,5.0433139488063,4.9504486375622,,,"consolidation, low sleep
"
2015-08-25,,274992,"Pettis Loop2 (Mtn View)",1050,0:17:30,3.5089492851802,4.9872479131886,,,"Slow start. 12:09 third driveway."
2015-08-22,,143116,"Greenlake 3k",1158,0:19:18,3.9006475214899,4.9478964437751,,,"Consolidation/ low caf/ took week off for R knee."
2015-08-15,,143114,"Reservoir Basic",962,0:16:2,3.4016221337793,4.7134375021014,,,"PR! Strong start. good push."
2015-08-11,,143116,"Greenlake 3k",1109,0:18:29,3.9006475214899,4.7385294958088,,,"Nice!  (prior runs at Brule not recorded)."
2015-07-29,,143116,"Greenlake 3k",1172,0:19:32,3.9006475214899,5.0077155717655,,,"Consolidation run. took easy."
2015-07-25,,143114,"Reservoir Basic",974,0:16:14,3.4016221337793,4.7722329802981,,,"Nice! fast start. (almost PR)"
2015-07-22,,457413,"MTV Corrected 5k",1413,0:23:33,4.9844924255838,4.7246535834071,,," Strong start push"
2015-07-20,,143114,"Reservoir Basic",1056,0:17:36,3.4016221337793,5.1740020813088,,,"slow start, low sleep. lo mo."
2015-07-18,,143116,"Greenlake 3k",1123,0:18:43,3.9006475214899,4.7983486237992,,,"Strong (legs hurt from intervals and full stomach at start!).  No red lights"
2015-07-16,Intervals,,,,,,,169,,"3x30sec all out(!)"
2015-07-13,,434659,"Cowen Park Ravine",1188,0:19:48,4.0982266844453,4.8313579322369,,,"Consolidation run."
2015-07-11,,143116,"Greenlake 3k",1085,0:18:5,3.9006475214899,4.6359824192539,,,"Who hoo!   (3 lights though)"
2015-07-09,,389200,"Los Altos2",961,0:16:1,3.3594895078432,4.7675894296659,,,"RoutePR: Strong start - long lite"
2015-07-07,,274992,"Pettis Loop2 (Mtn View)",1037,0:17:17,3.5089492851802,4.9255010342635,,,"low sleep- conditioning run"
2015-07-04,,340040,"Greenlake out & around",1820,0:30:20,6.212775953733,4.8824122355655,,,"Hot!  (break at 22.5min)"
2015-07-02,,389200,"Los Altos2",976,0:16:16,3.3594895078432,4.8420054977669,168,,OK
2015-06-30,,372822,"New MTV 5kA",1463,0:24:23,5.0433139488063,4.8347839497687,,,"low sleep"
2015-06-18,,274992,"Pettis Loop2 (Mtn View)",1026,0:17:6,3.5089492851802,4.8732536751729,,,eh.
2015-06-16,,389200,"Los Altos2",984,0:16:24,3.3594895078432,4.8816940674207,,,"meh! good push"
2015-06-14,,434659,"Cowen Park Ravine",1118,0:18:38,3.9999923266478,4.6583422696086,,,"New Route go to 15th to make up shortcut."
2015-06-12,,143114,"Reservoir Basic",982,0:16:22,3.4016221337793,4.8114299657626,170,,Solid
2015-06-09,,457413,"MTV Corrected 5k",1425,0:23:45,4.9844924255838,4.7647780299753,,,Sweet
2015-06-06,,143116,"Greenlake 3k",1113,0:18:33,3.9006475214899,4.7556206752347,,,"Strong!  (felt slow at start)"
2015-06-03,,274992,"Pettis Loop2 (Mtn View)",1067,0:17:47,3.5089492851802,5.0679938317831,,,"still recovering from head cold.
"
2015-06-01,,143116,"Greenlake 3k",1189,0:19:49,3.9006475214899,5.0803530843253,,,"Took it easy. Back from headcold"
2015-05-23,,143116,"Greenlake 3k",1095,0:18:15,3.9006475214899,4.6787103678185,,,"strong! (good sleep/caff)"
2015-05-19,,274992,"Pettis Loop2 (Mtn View)",1027,0:17:7,3.5089492851802,4.8780034350902,,,"Ok effort w/ bursts of speed."
2015-05-16,,143114,"Reservoir Basic",1020,0:17:0,3.4016221337793,4.9976156467187,,,"Lo mo.  "
2015-05-13,,389200,"Los Altos2",988,0:16:28,3.3594895078432,4.9015383522476,,,"took it easy. Consolidation
"
2015-05-09,,143116,"Greenlake 3k",1089,0:18:9,3.9006475214899,4.6530735986797,,,"swift!  (strong start)"
2015-05-06,,274992,"Pettis Loop2 (Mtn View)",1012,0:16:52,3.5089492851802,4.8067570363304,167,,"Felt strong - maybe slow start?"
2015-05-04,,143114,"Reservoir Basic",1047,0:17:27,3.4016221337793,5.1299054726613,,,"Yuk!  Legs felt like lead for a while."
2015-05-02,,340040,"Greenlake out & around",1840,0:30:40,6.212775953733,4.9360651172751,,,"Strong - beautiful weather"
2015-04-28,,389200,"Los Altos2",1003,0:16:43,3.3594895078432,4.9759544203485,168,,"meh
"
2015-04-25,,242812,"Greenlake out-and-back 5k",1504,0:25:4,4.9014663685921,5.1141158138491,,,"Legs hurt (7 cement blocks!)"
2015-04-22,,274992,"Pettis Loop2 (Mtn View)",1049,0:17:29,3.5089492851802,4.9824981532713,,,"slow warm-up"
2015-04-18,,143114,"Reservoir Basic",985,0:16:25,3.4016221337793,4.8261288353117,,,"Meh - route improve.
"
2015-04-14,,389200,"Los Altos2",1028,0:17:8,3.3594895078432,5.0999812005167,,,"Relaxed consolidation run"
2015-04-11,,242812,"Greenlake out-and-back 5k",1462,0:24:22,4.9014663685921,4.971301409473,,,"Relaxed consolidation run"
2015-04-09,,372759,"New MTV 5k",1404,0:23:24,5.0995444281878,4.5886451877262,167,,"PR!!  Whoo hoo!
"
2015-04-08,Bike,408865,"Google Bike Commute: Rengsdorf",918,0:15:18,5.2765883616954,2.8996008313,,,"First MTV bike to work!"
2015-04-06,,143114,"Reservoir Basic",1011,0:16:51,3.4016221337793,4.9535190380712,,,"meh! seemed hard"
2015-04-04,,143116,"Greenlake 3k",1210,0:20:10,3.9006475214899,5.1700817763108,,,"Relaxed - consolidation run."
2015-04-02,,372822,"New MTV 5kA",1422,0:23:42,5.0433139488063,4.699291029782,,,"Nice!
"
2015-03-30,,143114,"Reservoir Basic",1018,0:16:58,3.4016221337793,4.9878164003526,170,,"tired legs (killer hikes in Winthrop)"
2015-03-28,,404872,"Gunn Ranch Winthrop",1110,0:18:30,3.6965344218919,5.0046876042701,,,"Nice new Route (altitude)"
2015-03-24,,274992,"Pettis Loop2 (Mtn View)",1061,0:17:41,3.5089492851802,5.0394952722792,,,"Meh!  (low sleep night, early rise)"
2015-03-21,,143116,"Greenlake 3k",1161,0:19:21,3.9006475214899,4.9607148283445,,,"Relaxed training run."
2015-03-19,,291327,"Pettis Loop 5K",1479,0:24:39,5.1293977593992,4.805632387317,,,"Strong - no music. (route PR)"
2015-03-17,,389200,"Los Altos2",974,0:16:14,3.3594895078432,4.8320833553534,,,"long light at ECR!"
2015-03-14,,143114,"Reservoir Basic",1010,0:16:50,3.4016221337793,4.9486194148882,,,"But - added distance / wrong turn.
"
2015-03-12,,372759,"New MTV 5k",1440,0:24:0,5.0995444281878,4.7063027566423,168,,"Slow first 5 min!  Sweet run."
2015-03-10,,274992,"Pettis Loop2 (Mtn View)",1033,0:17:13,3.5089492851802,4.9065019945942,,,"Slow start. legs felt bad first 5 min.  Strong finish."
2015-03-07,,340040,"Greenlake out & around",1850,0:30:50,6.212775953733,4.9628915581298,,,"took it easy - strong finish - low caff.
"
2015-03-04,,389200,"Los Altos2",961,0:16:1,3.3594895078432,4.7675894296659,,,"Strong! (1 long light)"
2015-03-03,,143114,"Reservoir Basic",1043,0:17:23,3.4016221337793,5.1103069799291,169,,"relaxed consolidation run."
2015-02-28,,143116,"Greenlake 3k",1106,0:18:26,3.9006475214899,4.7257111112395,,,Nice!
2015-02-26,,372759,"New MTV 5k",1407,0:23:27,5.0995444281878,4.5984499851359,,,"WOW! PR for 5k (2 reds near end though)
"
2015-02-24,,274992,"Pettis Loop2 (Mtn View)",1021,0:17:1,3.5089492851802,4.8495048755863,,,"Felt strong (slow start?)"
2015-02-22,Race!,392292,"UW MSF 5k Run",1380,0:23:0,4.6028204023981,4.9969362237156,,,"Fun - seemed hard.  Too fast on start."
2015-02-20,,274992,"Pettis Loop2 (Mtn View)",1059,0:17:39,3.5089492851802,5.0299957524446,168,,"Relaxed training run."
2015-02-18,,389200,"Los Altos2",1006,0:16:46,3.3594895078432,4.9908376339687,170,,meh.
2015-02-15,,143114,"Reservoir Basic",997,0:16:37,3.4016221337793,4.8849243135084,,,"3:06 @ 65th (too strong start?)"
2015-02-13,,274992,"Pettis Loop2 (Mtn View)",1036,0:17:16,3.5089492851802,4.9207512743461,,,"Thinking about salary negot.!"
2015-02-11,,389200,"Los Altos2",1058,0:17:38,3.3594895078432,5.2488133367186,,,"New route"
2015-02-08,,340040,"Greenlake out & around",1960,0:32:40,6.212775953733,5.2579824075321,,,"Training / 30 sec walk / ska last night!"
2015-02-06,,291327,"Pettis Loop 5K",1518,0:25:18,5.1293977593992,4.9323529168,,,OK.
2015-02-04,,274992,"Pettis Loop2 (Mtn View)",1100,0:18:20,3.5089492851802,5.2247359090548,168,,"low caff.  Feet of lead!"
2015-02-01,,143116,"Greenlake 3k",1135,0:18:55,3.9006475214899,4.8496221620767,,,"good start.  Vo2 max?"
2015-01-30,,372759,"New MTV 5k",1466,0:24:26,5.0995444281878,4.7912776675261,,,"5KPR! Awesome!  Strong finish."
2015-01-28,,274992,"Pettis Loop2 (Mtn View)",1033,0:17:13,3.5089492851802,4.9065019945942,170,,"After Hawaii break"
2015-01-16,,274992,"Pettis Loop2 (Mtn View)",1149,0:19:9,3.5089492851802,5.4574741450036,,,"Took it easy (left heel??)"
2015-01-14,,274992,"Pettis Loop2 (Mtn View)",1037,0:17:17,3.5089492851802,4.9255010342635,168,,"OK good push."
2015-01-11,,340040,"Greenlake out & around",,,6.212775953733,,,,"Good run. left watch in MV!"
2015-01-09,,274992,"Pettis Loop2 (Mtn View)",1047,0:17:27,3.5089492851802,4.9729986334367,,,"felt good but..
"
2015-01-06,,274992,"Pettis Loop2 (Mtn View)",1139,0:18:59,3.5089492851802,5.4099765458304,,,"Took it easy (cold!)"
2015-01-04,,143118,"Reservoir 5k",1520,0:25:20,4.9843153977438,5.0826104112113,,,"hot start (3:02 to 65th) too much?"
2015-01-02,,372759,"New MTV 5k",1491,0:24:51,5.0995444281878,4.8729843126067,,,"blah start..."
2014-12-31,,274992,"Pettis Loop2 (Mtn View)",1062,0:17:42,3.5089492851802,5.0442450321965,170,,"Meh... strong finish"
2014-12-29,,143114,"Reservoir Basic",1009,0:16:49,3.4016221337793,4.9437197917051,,,"Cold & sunny."
2014-12-27,,242812,"Greenlake out-and-back 5k",1501,0:25:1,4.9014663685921,5.1039147849651,,,"Strong finish"
2014-12-25,,,,,,6.0000045834117,,,,"Christmas run/walk Glake"
2014-12-23,,143114,"Reservoir Basic",1051,0:17:31,3.4016221337793,5.1495039653935,,,"Took it easy."
2014-12-21,,143116,"Greenlake 3k",1132,0:18:52,3.9006475214899,4.8368037775073,,,"Strong start and good push."
2014-12-19,,143114,"Reservoir Basic",996,0:16:36,3.4016221337793,4.8800246903254,,,"blah but pushed hard. "
2014-12-17,,143118,"Reservoir 5k",1609,0:26:49,4.9843153977438,5.3802106260783,,,blah.
2014-12-14,,372759,"New MTV 5k",1513,0:25:13,5.0995444281878,4.9448861602776,168,,"felt stiff on start. took easy?"
2014-12-12,,274992,"Pettis Loop2 (Mtn View)",1074,0:17:54,3.5089492851802,5.1012421512044,168,,"lo mo"
2014-12-10,,372822,"New MTV 5kA",1567,0:26:7,5.0433139488063,5.1784733077837,,,"New Route/wrong turn."
2014-12-07,,143116,"Greenlake 3k",1118,0:18:38,3.9006475214899,4.7769846495169,,,"very strong start. cramp near end."
2014-12-05,,291327,"Pettis Loop 5K",1533,0:25:33,5.1293977593992,4.9810915819858,169,,"so so at start.
"
2014-12-03,,274992,"Pettis Loop2 (Mtn View)",1064,0:17:44,3.5089492851802,5.0537445520312,,,"Rain!, New shoes. Strong finish"
2014-11-30,,143116,"Greenlake 3k",1164,0:19:24,3.9006475214899,4.9735332129139,,,"tail end of cold. "
2014-11-26,,370031,"Greenlake mini 3k",1015,0:16:55,3.2105125337063,5.2691483023546,,,"Getting over headcold."
2014-11-19,,,,879,0:14:39,3.1200030271117,4.6955082647987,,,"Westin Arlington Treadmill"
2014-11-16,,274992,"Pettis Loop2 (Mtn View)",1025,0:17:5,3.5089492851802,4.8685039152556,,,"Slow start; strong finish."
2014-11-14,,291327,"Pettis Loop 5K",1585,0:26:25,5.1293977593992,5.1500522879631,168,,"took easy. plenty left at end."
2014-11-12,,274992,"Pettis Loop2 (Mtn View)",1007,0:16:47,3.5089492851802,4.7830082367438,,,"Strong start good lungs. PR+1"
2014-11-10,,143117,"Greenlake 5k",1516,0:25:16,5.0092763231933,5.0439754240907,,,"crisp.
"
2014-11-07,,291327,"Pettis Loop 5K",1529,0:25:29,5.1293977593992,4.9680946046029,,,"mid-push, strong end."
2014-11-05,,274992,"Pettis Loop2 (Mtn View)",1046,0:17:26,3.5089492851802,4.9682488735194,,,"good lungs."
2014-11-01,,242812,"Greenlake out-and-back 5k",1443,0:24:3,4.9014985554721,4.9066626722046,,,"48deg. route PR!"
2014-10-30,,274992,"Pettis Loop2 (Mtn View)",1034,0:17:14,3.5089492851802,4.9112517545115,,,"OK - strong start.
"
2014-10-28,,291327,"Pettis Loop 5K",1545,0:25:45,5.1293977593992,5.0200825141344,,,"Decent - crisp weather"
2014-10-22,,,,1046,0:17:26,3.2800040076528,5.3150341562566,,,"Koreana Hotel treadmill
"
2014-10-17,,143114,"Reservoir Basic",980,0:16:20,3.4016221337793,4.8016307193964,,,"Strong start!
"
2014-10-14,,291327,"Pettis Loop 5K",1530,0:25:30,5.1293977593992,4.9713438489486,,,"Strong - not push
"
2014-10-13,,358344,"Rihely Pl / Encinitas",1064,0:17:44,3.4117770944231,5.1976822759963,,,"First time at Phil/Shawn's"
2014-10-08,,291327,"Pettis Loop 5K",1635,0:27:15,5.1293977593992,5.312514505249,,,"Took easy; felt very strong"
2014-10-05,,143116,"Greenlake 3k",1084,0:18:4,3.9006475214899,4.6317096243975,,,"PR!  Strong (3 R lights)"
2014-10-04,,144248,"Greenlake out-and-back 5k (deprecated)",1466,0:24:26,4.7132696811602,5.183945538062,,,"Conversational: Rainer Leushke"
2014-10-01,,274992,"Pettis Loop2 (Mtn View)",1057,0:17:37,3.5089492851802,5.0204962326099,,,"strong, low motiv./sleep"
2014-09-28,,143114,"Reservoir Basic",1031,0:17:11,3.4016221337793,5.0515115017324,,,"low caff?  GI prob?"
2014-09-27,,340040,"Greenlake out & around",1820,0:30:20,6.212775953733,4.8824122355655,,,"Strong start! (routePR)
"
2014-09-24,,274992,"Pettis Loop2 (Mtn View)",1026,0:17:6,3.5089492851802,4.8732536751729,,,"strong 2nd half (slow start?)
"
2014-09-22,,143116,"Greenlake 3k",1123,0:18:43,3.9006475214899,4.7983486237992,,,"Strong start --- too strong?
"
2014-09-20,,340040,"Greenlake out & around",1990,0:33:10,6.212775953733,5.3384617300964,,,"'conversation pace'
"
2014-09-18,,143114,"Reservoir Basic",995,0:16:35,3.4016221337793,4.8751250671423,,,"Solid
"
2014-09-14,,,,1309,0:21:49,,,166,,"Kitty's house fun - "
2014-09-12,,274992,"Pettis Loop2 (Mtn View)",1001,0:16:41,3.5089492851802,4.7545096772398,,,"route PR!  strong push
"
2014-09-10,,274992,"Pettis Loop2 (Mtn View)",1017,0:16:57,3.5089492851802,4.830505835917,,,"Strong finish.
"
2014-09-07,,340040,"Greenlake out & around",1931,0:32:11,6.212775953733,5.1801857290533,,,"No stops! strong finish"
2014-09-05,,274992,"Pettis Loop2 (Mtn View)",1023,0:17:3,3.5089492851802,4.8590043954209,,,Caff++
2014-09-01,,340040,"Greenlake out & around",1900,0:31:40,6.212775953733,5.0970237624036,,,"New!  one stop"
2014-08-28,,143114,"Reservoir Basic",991,0:16:31,3.4016221337793,4.8555265744101,,,"mentally off(!) good 2nd half."
2014-08-26,,143116,"Greenlake 3k",1219,0:20:19,3.9006475214899,5.2085369300189,,,"Maintenance run. angry driver!"
2014-08-24,,143114,"Reservoir Basic",988,0:16:28,3.4016221337793,4.8408277048609,,,"Nice. (Olypenn hikes!)
"
2014-08-16,,143116,"Greenlake 3k",1115,0:18:35,3.9006475214899,4.7641662649476,,,"legs strong. V.O2 lim. 1:00PM
"
2014-08-14,,274992,"Pettis Loop2 (Mtn View)",1017,0:16:57,3.5089492851802,4.830505835917,,,"Strong, 'race pace'"
2014-08-11,,274992,"Pettis Loop2 (Mtn View)",1170,0:19:30,3.5089492851802,5.5572191032674,,,"took it easy. too many grapes!?"
2014-08-09,,274992,"Pettis Loop2 (Mtn View)",1044,0:17:24,3.5089492851802,4.9587493536847,,,"good cardio. too full bkfst?"
2014-08-07,,274992,"Pettis Loop2 (Mtn View)",1051,0:17:31,3.5089492851802,4.991997673106,,,"good push; low sleep"
2014-08-05,,143114,"Reservoir Basic",1029,0:17:9,3.4016221337793,5.0417122553663,,,"slow start; tiger mtn yesterday?"
2014-08-03,,144248,"Greenlake out-and-back 5k (deprecated)",1448,0:24:8,4.7132696811602,5.1202954564214,,,"conditioning run"
2014-07-31,,274992,"Pettis Loop2 (Mtn View)",1064,0:17:44,3.5089492851802,5.0537445520312,,,"took easy on neck/r shoulder"
2014-07-27,,143116,"Greenlake 3k",1140,0:19:0,3.9006475214899,4.8709861363589,,,Nice..
2014-07-25,,143116,"Greenlake 3k",1146,0:19:6,3.9006475214899,4.8966229054977,,,"Felt strong, good start."
2014-07-23,,,,900,0:15:0,,,,,"treadmill in Pittsburg Hotel"
2014-07-20,,143114,"Reservoir Basic",1032,0:17:12,3.4016221337793,5.0564111249154,,,"basic run. knee  OK."
2014-07-18,,274992,"Pettis Loop2 (Mtn View)",1072,0:17:52,3.5089492851802,5.0917426313697,,,"Back from resting/ibu right knee."
2014-07-13,,143116,"Greenlake 3k",1144,0:19:4,3.9006475214899,4.8880773157848,,,"had a pacer on start. 3:55 to 65th!"
2014-07-10,,274992,"Pettis Loop2 (Mtn View)",1040,0:17:20,3.5089492851802,4.9397503140154,,,"felt strong, no tunes, cool"
2014-07-08,,291327,"Pettis Loop 5K",1543,0:25:43,5.1293977593992,5.013584025443,,,"cool temp. No music."
2014-07-06,,143116,"Greenlake 3k",1201,0:20:1,3.9006475214899,5.1316266226027,,,"under caf? hot sun?
"
2014-07-04,,143114,"Reservoir Basic",1031,0:17:11,3.4016221337793,5.0515115017324,,,"Felt sluggish"
2014-07-02,,291327,"Pettis Loop 5K",1617,0:26:57,5.1293977593992,5.2540281070261,,,"Thinking about software/ took easy"
2014-07-01,,274992,"Pettis Loop2 (Mtn View)",1038,0:17:18,3.5089492851802,4.9302507941808,,,caffinated
2014-06-28,,274992,"Pettis Loop2 (Mtn View)",1027,0:17:7,3.5089492851802,4.8780034350902,,,consistent!
2014-06-26,,291327,"Pettis Loop 5K",1503,0:25:3,5.1293977593992,4.8836142516142,,,"Nice - training runs in SoCal?"
2014-06-23,,,,1041,0:17:21,3.2500058354813,5.3384519530964,,,"Santa Monica (time based)"
2014-06-21,,,,1098,0:18:18,3.269993887969,5.5963407354765,,,"Santa Barbara (time based)"
2014-06-18,,291327,"Pettis Loop 5K",1533,0:25:33,5.1293977593992,4.9810915819858,,,"got the route right this time. "
2014-06-15,,143118,"Reservoir 5k",1648,0:27:28,4.9843153977438,5.5106197089975,,,"took it easy for Father's Day!"
2014-06-13,,143116,"Greenlake 3k",1169,0:19:29,3.9006475214899,4.9948971871962,,,"groggy
"
2014-06-11,,274992,"Pettis Loop2 (Mtn View)",1045,0:17:25,3.5089492851802,4.963499113602,,,"low sleep!"
2014-06-08,,143114,"Reservoir Basic",1037,0:17:17,3.4016221337793,5.0809092408307,,,"Back from HongKong
"
2014-05-31,,143117,"Greenlake 5k",1501,0:25:1,5.0092763231933,4.994068015541,170,,"late AM, 2nd coffee, nice weather!"
2014-05-29,,274992,"Pettis Loop2 (Mtn View)",1060,0:17:40,3.5089492851802,5.0347455123619,,,"felt solid"
2014-05-27,,144248,"Greenlake out-and-back 5k (deprecated)",1525,0:25:25,4.7132696811602,5.3925763612172,,,
2014-05-22,,274992,"Pettis Loop2 (Mtn View)",1051,0:17:31,3.5089492851802,4.991997673106,,,"deal with it body!"
2014-05-20,,291327,"Pettis Loop 5K",1554,0:25:54,5.1293977593992,5.0493257132459,,,"New route."
2014-05-17,,143117,"Greenlake 5k",1520,0:25:20,5.0092763231933,5.0572840663707,,,Nice!
2014-05-14,,274992,"Pettis Loop2 (Mtn View)",1050,0:17:30,3.5089492851802,4.9872479131886,,,
2014-05-09,,274992,"Pettis Loop2 (Mtn View)",1065,0:17:45,3.5089492851802,5.0584943119485,,,"Exact same as last one!"
2014-05-07,,274992,"Pettis Loop2 (Mtn View)",1065,0:17:45,3.5089492851802,5.0584943119485,,,Hmm.
2014-05-03,,143116,"Greenlake 3k",1229,0:20:29,3.9006475214899,5.2512648785835,,,"took it easy - emphasized rythm."
2014-05-01,,274992,"Pettis Loop2 (Mtn View)",1041,0:17:21,3.5089492851802,4.9445000739327,,,Nice!
2014-04-27,,143116,"Greenlake 3k",1157,0:19:17,3.9006475214899,4.9436236489187,,,"Top Pot 5k(!)"
2014-04-24,,274992,"Pettis Loop2 (Mtn View)",1078,0:17:58,3.5089492851802,5.1202411908737,,,pre-stretched
2014-04-22,,274992,"Pettis Loop2 (Mtn View)",1059,0:17:39,3.5089492851802,5.0299957524446,,,"didn't even stretch - leg that good."
2014-04-20,,143118,"Reservoir 5k",1541,0:25:41,4.9843153977438,5.1528306866294,,,"First 5k in a while. Leg great!"
2014-04-17,,274992,"Pettis Loop2 (Mtn View)",,,3.5089492851802,,,,"good run - forgot to start watch"
2014-04-15,,,,1293,0:21:33,4.1799974531166,5.1555055336057,,,"Pettis loop w/ wrong turn. No music!"
2014-04-12,,143114,"Reservoir Basic",986,0:16:26,3.4016221337793,4.8310284584948,,,Nice!
2014-04-09,,274992,"Pettis Loop2 (Mtn View)",1071,0:17:51,3.5089492851802,5.0869928714524,,,"First Mtn View RUN!!"
2014-04-06,,143116,"Greenlake 3k",1201,0:20:1,3.9006475214899,5.1316266226027,,,"Had cold and Mtn View startup."
2014-03-29,,143116,"Greenlake 3k",1180,0:19:40,3.9006475214899,5.0418979306172,165,,"Back after 2nd ankle sprain rest. "
2014-03-18,,143114,"Reservoir Basic",1046,0:17:26,3.4016221337793,5.1250058494782,,,"No music (time off for small ankle sprain)"
2014-03-13,,143118,"Reservoir 5k",1547,0:25:47,4.9843153977438,5.1728936224631,,,"continued dynamic stretch"
2014-03-11,,143116,"Greenlake 3k",1141,0:19:1,3.9006475214899,4.8752589312154,,,"leg pretty good. sunny."
2014-03-09,,249629,"The Big Square",1588,0:26:28,5.1048069830698,5.1846557087161,,,"went 28th instead of 29th!! (leg better after dynam stretch)"
2014-03-06,,143114,"Reservoir Basic",1035,0:17:15,3.4016221337793,5.0711099944646,,,"Started squats for dynamic stretching (Dr. Wienstein)"
2014-03-01,,143118,"Reservoir 5k",1547,0:25:47,4.9843153977438,5.1728936224631,,,"felt good. (touch toes b4 bkfst)"
2014-02-27,,143116,"Greenlake 3k",,,3.9006475214899,,,,"screwed up timer. 
"
2014-02-25,,143116,"Greenlake 3k",1194,0:19:54,3.9006475214899,5.1017170586075,,,Tired!
2014-02-24,Hike,,,10800,3:0:0,11.265408004303,15.978116365714,,,"Bear Canyon Tucson"
2014-02-22,Hike,,,18000,5:0:0,17.702784006762,16.946487054545,,,"Aqua Caliente Canyon Tucson"
2014-02-20,,143114,"Reservoir Basic",1060,0:17:40,3.4016221337793,5.193600574041,,,"Bad motivation, sore leg!"
2014-02-17,,144248,"Greenlake out-and-back 5k (deprecated)",1505,0:25:5,4.7132696811602,5.3218540482832,,,"day after skiing"
2014-02-11,,249629,"The Big Square",1709,0:28:29,5.1048069830698,5.5797081902996,,,"leg hurt whole time."
2014-02-08,,144248,"Greenlake out-and-back 5k (deprecated)",1500,0:25:0,4.7132696811602,5.3041734700497,,,"re-start stretching."
2014-02-04,,143118,"Reservoir 5k",1547,0:25:47,4.9843153977438,5.1728936224631,,,"good push. leg good. 28deg"
2014-02-02,,143117,"Greenlake 5k",1672,0:27:52,5.0092763231933,5.5630124730077,,,"took it easy. bad start on ham."
2014-01-30,,143114,"Reservoir Basic",1027,0:17:7,3.4016221337793,5.0319130090001,,,"Hamstring, low sleep"
2014-01-28,,249629,"The Big Square",1685,0:28:5,5.1048069830698,5.5013506732913,,,"leg felt decent"
2014-01-26,,249629,"The Big Square",1692,0:28:12,5.1048069830698,5.5242049490854,,,"New Route +130M vertical!"
2014-01-23,,242812,"Greenlake out-and-back 5k",1502,0:25:2,4.9014663685921,5.1073151279265,,,
2014-01-21,,143116,"Greenlake 3k",1164,0:19:24,3.9006475214899,4.9735332129139,,,"3k by mistake!"
2014-01-19,,143118,"Reservoir 5k",1567,0:26:7,4.9843153977438,5.2397700752422,,,"Bye to Sophia!"
2014-01-14,,143118,"Reservoir 5k",1555,0:25:55,4.9843153977438,5.1996442035747,,,"low sleep, took it easy"
2014-01-11,,242812,"Greenlake out-and-back 5k",1486,0:24:46,4.9014663685921,5.0529096405451,,,"pushed it a bit - windy!"
2014-01-09,,161151,"Alec's UW 5k",1702,0:28:22,4.9917988473466,5.6826541962413,,,"legs stiff at first. No music"
2014-01-07,,143117,"Greenlake 5k",1582,0:26:22,5.0092763231933,5.2635680217095,,,"Kicked back a bit. Leg acting up."
2014-01-04,,144248,"Greenlake out-and-back 5k (deprecated)",1515,0:25:15,4.9000018655516,5.1530592625923,170,,"rough start & low sleep
"
2014-01-02,,143117,"Greenlake 5k",1551,0:25:51,5.0092763231933,5.1604260440401,,,"better sleep"
2013-12-31,,143118,"Reservoir 5k",1543,0:25:43,4.9843153977438,5.1595183319073,,,"better sleep!
"
2013-12-27,,143117,"Greenlake 5k",1602,0:26:42,5.0092763231933,5.3301112331091,,,"low sleep"
2013-12-25,,143118,"Reservoir 5k",1621,0:27:1,4.9843153977438,5.4203364977457,,,"not feeling 100%
"
2013-12-23,,143117,"Greenlake 5k",1540,0:25:40,5.0092763231933,5.1238272777703,,,headwind?
2013-12-21,,143117,"Greenlake 5k",1509,0:25:9,5.0092763231933,5.0206853001009,,,
2013-12-18,,143116,"Greenlake 3k",1214,0:20:14,3.9006475214899,5.1871729557366,,,"no mental focus. "
2013-12-15,,143116,"Greenlake 3k",1185,0:19:45,3.9006475214899,5.0632619048994,,,
2013-12-13,,143114,"Reservoir Basic",1045,0:17:25,3.4016221337793,5.1201062262952,,,"(3 runs in Hawaii!!)
"
2013-12-03,,143116,"Greenlake 3k",1143,0:19:3,3.9006475214899,4.8838045209283,,,33deg!
2013-12-01,,143114,"Reservoir Basic",1022,0:17:2,3.4016221337793,5.0074148930849,,,
2013-11-29,,235573,"Santa Fe Route",1008,0:16:48,2.5071648316776,6.7007959699078,,,"7000 ft. Altitude!!!"
2013-11-26,,143116,"Greenlake 3k",1177,0:19:37,3.9006475214899,5.0290795460478,,,"Leg acting up!"
2013-11-22,,234220,"Upper Reservoir Park",1491,0:24:51,4.6174493393636,5.3817590998031,,,"New - up to park (with a rest stop on top) Sunny!"
2013-11-20,,143116,"Greenlake 3k",1219,0:20:19,3.9006475214899,5.2085369300189,,,"32 and sunny! (took it easy)"
2013-11-17,,143114,"Reservoir Basic",968,0:16:8,3.4016221337793,4.7428352411997,,,"Pushed for speed: PR!!"
2013-11-15,,143118,"Reservoir 5k",1565,0:26:5,4.9843153977438,5.2330824299643,,,"Trying the slow pace idea. "
2013-11-13,,143116,"Greenlake 3k",1225,0:20:25,3.9006475214899,5.2341736991576,171,,"No sleep! stiff legs (virus??)
took it easy."
2013-11-10,,143114,"Reservoir Basic",1007,0:16:47,3.4016221337793,4.933920545339,,,
2013-11-08,,144248,"Greenlake out-and-back 5k (deprecated)",1472,0:24:32,4.9000018655516,5.0068008148752,,,
2013-11-05,,143114,"Reservoir Basic",1034,0:17:14,3.4016221337793,5.0662103712815,,,"New ASICS GT-2000 shoes"
2013-11-03,,143116,"Greenlake 3k",1189,0:19:49,3.9006475214899,5.0803530843253,,,"worked on slower pace"
2013-10-30,,143114,"Reservoir Basic",988,0:16:28,3.4016221337793,4.8408277048609,,,
2013-10-27,,143117,"Greenlake 5k",1479,0:24:39,5.0092763231933,4.9208704830015,,,
2013-10-25,,143116,"Greenlake 3k",1161,0:19:21,3.9006475214899,4.9607148283445,,,
2013-10-22,,143118,"Reservoir 5k",1506,0:25:6,4.9843153977438,5.0357968942659,,,
2013-10-20,,143116,"Greenlake 3k",1162,0:19:22,3.9006475214899,4.964987623201,,,
2013-10-17,,143114,"Reservoir Basic",1000,0:16:40,3.4016221337793,4.8996231830576,,,
2013-10-13,,143114,"Reservoir Basic",1005,0:16:45,3.4016221337793,4.9241212989729,,,
2013-10-11,,144248,"Greenlake out-and-back 5k (deprecated)",1483,0:24:43,4.9000018655516,5.0442157666167,,,
2013-10-08,,143114,"Reservoir Basic",1013,0:16:53,3.4016221337793,4.9633182844373,,,
2013-10-06,,224778,"Uphill to Quest",1483,0:24:43,4.4830530218723,5.5133558639786,,,"WAY up hill!"
2013-10-04,,143116,"Greenlake 3k",1159,0:19:19,3.9006475214899,4.9521692386316,,,
2013-10-02,,143114,"Reservoir Basic",1025,0:17:5,3.4016221337793,5.022113762634,170,,
2013-09-28,,,,1142,0:19:2,3.5000013325368,5.4380931676783,170,,"Lincoln Park / Fullerton Beach
"
2013-09-24,,143114,"Reservoir Basic",1034,0:17:14,3.4016221337793,5.0662103712815,,,
2013-09-21,,143116,"Greenlake 3k",1178,0:19:38,3.9006475214899,5.0333523409042,,,
2013-09-17,,143114,"Reservoir Basic",1022,0:17:2,3.4016221337793,5.0074148930849,,,"Finally broke 5:04!
"
2013-09-15,,143117,"Greenlake 5k",1521,0:25:21,5.0092763231933,5.0606112269406,,,"Wow - I'm consistent at least!
"
2013-09-12,,143114,"Reservoir Basic",1035,0:17:15,3.4016221337793,5.0711099944646,,,
2013-09-10,,143116,"Greenlake 3k",1186,0:19:46,3.9006475214899,5.0675346997559,,,
2013-09-08,,143114,"Reservoir Basic",1033,0:17:13,3.4016221337793,5.0613107480985,,,
2013-09-06,,,,1440,0:24:0,4.5899939307132,5.2287650838508,,,"BG Trail / Univ Inn."
2013-09-03,,143116,"Greenlake 3k",1186,0:19:46,3.9006475214899,5.0675346997559,,,
2013-09-01,,143118,"Reservoir 5k",1572,0:26:12,4.9843153977438,5.256489188437,,,"long break -college trips "
2013-08-24,,143116,"Greenlake 3k",1159,0:19:19,3.9006475214899,4.9521692386316,,,"Back from back trouble and food poisoning!"
2013-08-18,,143114,"Reservoir Basic",991,0:16:31,3.4016221337793,4.8555265744101,,,"Bringing back the pace."
2013-08-16,,143114,"Reservoir Basic",1009,0:16:49,3.4016221337793,4.9437197917051,,,
2013-08-13,,144248,"Greenlake out-and-back 5k (deprecated)",1495,0:24:55,4.9000018655516,5.0850320776076,,,
2013-08-11,,,,1460,0:24:20,4.0233600015367,6.0480129354667,,,"Union League Club Treadmill (incline)"
2013-08-06,,143114,"Reservoir Basic",1056,0:17:36,3.4016221337793,5.1740020813088,,,
2013-08-04,,143116,"Greenlake 3k",1182,0:19:42,3.9006475214899,5.0504435203301,,,
2013-08-01,Run,143116,"Greenlake 3k",1275,0:21:15,3.9006475214899,5.4478134419804,,,"mp3 Malfunction!"
2013-07-28,Run,204212,"Port Angeles, Cherry St.",1218,0:20:18,3.783133222565,5.365922584729,,,"First PA Run! (felt good)
"
2013-07-25,Run,143116,"Greenlake 3k",1179,0:19:39,3.9006475214899,5.0376251357607,,,
2013-07-21,Run,143116,"Greenlake 3k",1205,0:20:5,3.9006475214899,5.1487178020285,,,
2013-07-18,Run,143114,"Reservoir Basic",1062,0:17:42,3.4016221337793,5.2033998204072,,,
2013-07-14,Run,143116,"Greenlake 3k",1222,0:20:22,3.9006475214899,5.2213553145883,,,
2013-07-11,Run,143114,"Reservoir Basic",1059,0:17:39,3.4016221337793,5.188700950858,,,
2013-07-06,Run,143114,"Reservoir Basic",1043,0:17:23,3.4016221337793,5.1103069799291,170,,"I'm baaack! (tight L hamstring)"
2013-05-19,Run,143114,"Reservoir Basic",1073,0:17:53,3.4016221337793,5.2572956754208,170,,"Slow and easy - hamstring"
2013-05-16,Run,143116,"Greenlake 3k",,,3.9006475214899,,170,,"Slow and easy (forgot to start timer)"
2013-05-12,Run,143116,"Greenlake 3k",1160,0:19:20,3.9006475214899,4.9564420334881,170,,"still hamstrung!"
2013-05-09,Run,143114,"Reservoir Basic",981,0:16:21,3.4016221337793,4.8065303425795,170,,"slight improvement in hamstring"
2013-05-05,Run,143114,"Reservoir Basic",1001,0:16:41,3.4016221337793,4.9045228062406,170,,
2013-05-02,Run,143114,"Reservoir Basic",1001,0:16:41,3.4016221337793,4.9045228062406,165,,"still on hamstring break"
2013-04-27,Run,143116,"Greenlake 3k",1153,0:19:13,3.9006475214899,4.9265324694929,170,,"Back from 9days off - Europe
"
2013-04-18,Run,143114,"Reservoir Basic",1021,0:17:1,3.4016221337793,5.0025152699018,169,,
2013-04-16,Run,143116,"Greenlake 3k",1140,0:19:0,3.9006475214899,4.8709861363589,170,,
2013-04-13,Run,143116,"Greenlake 3k",1130,0:18:50,3.9006475214899,4.8282581877944,173,,
2013-04-10,Run,143116,"Greenlake 3k",1155,0:19:15,3.9006475214899,4.9350780592058,173,,
2013-04-07,Run,143114,"Reservoir Basic",1002,0:16:42,3.4016221337793,4.9094224294237,173,,"hamstring better but still there."
2013-04-05,Run,143114,"Reservoir Basic",1023,0:17:3,3.4016221337793,5.0123145162679,175,,
2013-04-02,Run,143116,"Greenlake 3k",1270,0:21:10,3.9006475214899,5.4264494676981,175,,"easing off for hamstring"
2013-03-31,Run,143116,"Greenlake 3k",1182,0:19:42,3.9006475214899,5.0504435203301,175,,"easing for left hamstring
"
2013-03-27,Run,143117,"Greenlake 5k",1499,0:24:59,5.0092763231933,4.9874136944011,175,,
2013-03-23,Run,144248,"Greenlake out-and-back 5k (deprecated)",1422,0:23:42,4.9000018655516,4.8367328524134,175,,
2013-03-21,Run,143114,"Reservoir Basic",977,0:16:17,3.4016221337793,4.7869318498473,175,,
2013-03-19,Run,143118,"Reservoir 5k",1484,0:24:44,4.9843153977438,4.9622327962089,175,,
2013-03-17,Run,161151,"Alec's UW 5k",1521,0:25:21,4.9917988473466,5.0783296313061,175,,New!
2013-03-13,Run,144248,"Greenlake out-and-back 5k (deprecated)",1459,0:24:19,4.7132696811602,5.1591927285351,175,,"-2hrs sleep!
"
2013-03-11,Run,143114,"Reservoir Basic",1022,0:17:2,3.4016221337793,5.0074148930849,175,,
2013-03-09,run,143117,"Greenlake 5k",1473,0:24:33,5.0092763231933,4.9009075195816,175,,
2013-03-05,Run,143116,"Greenlake 3k",1135,0:18:55,3.9006475214899,4.8496221620767,174,,
2013-03-03,Run,144248,"Greenlake out-and-back 5k (deprecated)",1457,0:24:17,4.9000018655516,4.9557804261366,174,,"crowds!
"
2013-03-01,Run,143114,"Reservoir Basic",1001,0:16:41,3.4016221337793,4.9045228062406,175,,
2013-02-27,Run,143118,"Reservoir 5k",1517,0:25:17,4.9843153977438,5.0725789432944,175,,
2013-02-25,Run,156124,,1244,0:20:44,4.2582276649864,4.869005361976,175,,Detour
2013-02-23,Run,143117,"Greenlake 5k",1474,0:24:34,5.0092763231933,4.9042346801516,175,,
2013-02-21,Run,143114,"Reservoir Basic",1029,0:17:9,3.4016221337793,5.0417122553663,174,,
2013-02-13,Run,143118,"Reservoir 5k",1514,0:25:14,4.9843153977438,5.0625474753776,174,,
2013-02-11,Run,143116,"Greenlake 3k",1142,0:19:2,3.9006475214899,4.8795317260719,174,,
2013-02-09,Run,144248,"Greenlake out-and-back 5k (deprecated)",1455,0:24:15,4.7132696811602,5.1450482659483,174,,"red light x 2
"
2013-02-05,run,143118,"Reservoir 5k",1521,0:25:21,4.9843153977438,5.0859542338503,174,,
2013-02-03,Run,143117,"Greenlake 5k",1523,0:25:23,5.0092763231933,5.0672655480806,174,,
2013-02-01,Run,143114,"Reservoir Basic",1038,0:17:18,3.4016221337793,5.0858088640138,174,,
2013-01-29,Run,143116,"Greenlake 3k",1241,0:20:41,3.9006475214899,5.3025384168609,173,,"Out week for cold.
"
2013-01-20,Run,143114,"Reservoir Basic",1018,0:16:58,3.4016221337793,4.9878164003526,177,,
2013-01-17,Run,143116,"Greenlake 3k",1195,0:19:55,3.9006475214899,5.105989853464,180,,Icy!
2013-01-15,Run,143117,"Greenlake 5k",1485,0:24:45,5.0092763231933,4.9408334464213,179,,
2013-01-13,Run,143117,"Greenlake 5k",1476,0:24:36,5.0092763231933,4.9108890012915,180,,
2013-01-11,Run,144248,"Greenlake out-and-back 5k (deprecated)",1500,0:25:0,4.9000018655516,5.1020388738538,178,,
2013-01-07,Run,143118,"Reservoir 5k",1557,0:25:57,4.9843153977438,5.2063318488526,180,,"(estimated time)"
2013-01-05,Run,143114,"Reservoir Basic",1032,0:17:12,3.4016221337793,5.0564111249154,180,,
2013-01-03,Run,143117,"Greenlake 5k",1516,0:25:16,5.0092763231933,5.0439754240907,180,,
2013-01-01,Run,143117,"Greenlake 5k",1534,0:25:34,5.0092763231933,5.1038643143504,180,,
2012-12-31,Run,143114,"Reservoir Basic",1070,0:17:50,3.4016221337793,5.2425968058716,184,,"Holiday!
"
2012-12-28,Treadmill,,,1500,0:25:0,4.8280320018441,5.1780932666667,,,"Victoria BC Hotel"
2012-12-26,Run-walk,144248,"Greenlake out-and-back 5k (deprecated)",1495,0:24:55,4.9000018655516,5.0850320776076,180,,
2012-12-24,Run-walk,143117,"Greenlake 5k",1680,0:28:0,5.0092763231933,5.5896297575676,180,,
2012-12-22,Run,143117,"Greenlake 5k",1540,0:25:40,5.0092763231933,5.1238272777703,180,,
2012-12-20,Run,143118,"Reservoir 5k",1590,0:26:30,4.9843153977438,5.3166779959381,180,,
2012-12-18,Run,143117,"Greenlake 5k",1546,0:25:46,5.0092763231933,5.1437902411902,180,,
2012-12-16,Run,143648,"Walla Walla 3k",1020,0:17:0,3.3908717158552,5.0134600847655,180,,
2012-12-14,Run,143114,"Reservoir Basic",1053,0:17:33,3.4016060403392,5.1593276210933,180,,
